ID TERMO,PRATICAS VEDADAS,JUSTIFICATIVA
316348,12,@
317283,10,hhghfghghfghfghfghfegfdgfdgfdsgfdsgfdsggfdgfdgfdgfdgdfgdfgfdgfdggddfgfsgfds
314197,10,EXCLUSÃO EXCLUSÃO EXCLUSÃO EXCLUSÃO EXCLUSÃO EXCLUSÃO EXCLUSÃO EXCLUSÃO
314198,10,EXCLUSÃO EXCLUSÃO EXCLUSÃO EXCLUSÃO EXCLUSÃO EXCLUSÃO EXCLUSÃO EXCLUSÃO
314252,11,EXCLUSÃO EXCLUSÃO EXCLUSÃO EXCLUSÃO EXCLUSÃO EXCLUSÃO EXCLUSÃO
314253,10,EXCLUSAO EXCLUSAO EXCLUSAO EXCLUSAO EXCLUSAO EXCLUSAO EXCLUSAO EXCLUSAO EXCLUSAO EXCLUSAO
314285,10,EXCLUSÃO EXCLUSÃO EXCLUSÃO EXCLUSÃO EXCLUSÃO EXCLUSÃO EXCLUSÃO
314286,10,EXCLUSÃO EXCLUSÃO EXCLUSÃO EXCLUSÃO EXCLUSÃO  EXCLUSÃO EXCLUSÃO
314287,10,EXCLUSÃO EXCLUSÃOEXCLUSÃO EXCLUSÃO EXCLUSÃO EXCLUSÃO EXCLUSÃO EXCLUSÃO EXCLUSÃO
314289,10,EXCLUSÃO EXCLUSÃO EXCLUSÃO EXCLUSÃO EXCLUSÃO EXCLUSÃO EXCLUSÃO
314290,10,EXCLUSÃO EXCLUSÃO EXCLUSÃO EXCLUSÃO EXCLUSÃO EXCLUSÃO EXCLUSÃO
314291,10,EXCLUSÃO EXCLUSÃO EXCLUSÃO EXCLUSÃO EXCLUSÃO EXCLUSÃO
314292,10,EXCLUSÃO EXCLUSÃO EXCLUSÃO EXCLUSÃO EXCLUSÃO EXCLUSÃO
314293,10,exclusão exclusão exclusão exclusão exclusão exclusão exclusão
314341,10,EXCLUSÃO EXCLUSÃO EXCLUSÃO EXCLUSÃO EXCLUSÃO EXCLUSÃO EXCLUSÃO EXCLUSÃO
314344,10,EXCLUSÃO EXCLUSÃO EXCLUSÃO EXCLUSÃO EXCLUSÃO EXCLUSÃO EXCLUSÃO EXCLUSÃO EXCLUSÃO EXCLUSÃO EXCLUSÃO
314345,10,EXCLUSÃO EXCLUSÃO EXCLUSÃO EXCLUSÃO EXCLUSÃO EXCLUSÃO EXCLUSÃO EXCLUSÃO EXCLUSÃO EXCLUSÃO EXCLUSÃO
314346,10,EXCLUSÃO EXCLUSÃO EXCLUSÃO EXCLUSÃO EXCLUSÃO EXCLUSÃO EXCLUSÃO
314347,10,EXCLUSÃO EXCLUSÃO EXCLUSÃO EXCLUSÃO EXCLUSÃO EXCLUSÃO EXCLUSÃO
314388,10,WXCLUSÃO EXCLUSÃO EXCLUSÃO EXCLUSÃO EXCLUSÃO EXCLUSÃO EXCLUSÃO EXCLUSÃO
314389,10,EXCLUSÃO EXCLUSÃO EXCLUSÃO EXCLUSÃO EXCLUSÃO EXCLUSÃO EXCLUSÃO
314390,10,EXCLUSÃO EXCLUSÃO EXCLUSÃO EXCLUSÃO EXCLUSÃO EXCLUSÃO
314391,11,EXCLUSÃO EXCLUSÃO EXCLUSÃO EXCLUSÃO EXCLUSÃO EXCLUSÃO
314392,11,EXCLUSÃO EXCLUSÃO EXCLUSÃO EXCLUSÃO EXCLUSÃO EXCLUSÃO
314487,11,EXCLUSÃO EXCLUSÃO EXCLUSÃO EXCLUSÃO EXCLUSÃO EXCLUSÃO EXCLUSÃO EXCLUSÃO
314488,11,WXCLUSÃO EXCLUSÃO EXCLUSÃO EXCLUSÃO EXCLUSÃO EXCLUSÃO EXCLUSÃO
314489,11,EXCLUSÃO EXCLUSÃO EXCLUSÃO EXCLUSÃO EXCLUSÃO EXCLUSÃO
314490,10,WXCLUSÃO EXCLUSÃO EXCLUSÃO EXCLUSÃO EXCLUSÃO EXCLUSÃO
314491,11,EXCLUSÃO EXCLUSÃO EXCLUSÃO EXCLUSÃO EXCLUSÃO EXCLUSÃO
314502,11,EXCLUSAO IMEDIATA EXCLUSAO IMEDIATA EXCLUSAO IMEDIATA EXCLUSAO IMEDIATA EXCLUSAO IMEDIATA EXCLUSAO
314637,12,EXCLUSÃO EXCLUSÃO EXCLUSÃO EXCLUSÃO EXCLUSÃO EXCLUSÃO EXCLUSÃO
314638,12,EXCLUSÃO EXCLUSÃO EXCLUSÃO EXCLUSÃO EXCLUSÃO EXCLUSÃO
314639,12,EXCLUSÃO EXCLUSÃO EXCLUSÃO EXCLUSÃO EXCLUSÃO EXCLUSÃO EXCLUSÃO
314640,11,EXCLUSÃO EXCLUSÃO EXCLUSÃO EXCLUSÃO EXCLUSÃO EXCLUSÃO EXCLUSÃO
314641,11,EXCLUSÃO EXCLUSÃO EXCLUSÃO EXCLUSÃOEXCLUSÃO EXCLUSÃO EXCLUSAÕ EXCLUSÃO EXCLUSÃO
314642,11,EXCLUSÃO EXCLUSÃO EXCLUSÃO EXCLUSÃO EXCLUSÃO EXCLUSÃO EXCLUSÃO
314643,11,EXCLUSAO EXCLUSÃO EXCLUSÃO EXCLUSÃO EXCLUSÃO EXCLUSÃO EXCLUSÃO
314644,10,EXCLUSÃO EXCLUSÃO EXCLUSÃO EXCLUSÃO EXCLUSÃO EXCLUSÃO
314646,12,EXCLUSÃO EXCLUSÃO EXCLUSÃO EXCLUSÃO EXCLUSÃO EXCLUSÃO EXCLUSÃO
314647,10,EXCLUSÃO EXCLUSÃO EXCLUSÃO EXCLUSÃO EXCLUSÃO EXCLUSÃO EXCLUSÃO
314649,10,EXCLUSÃO EXCLUSÃO EXCLUSÃO EXCLUSÃO EXCLUSÃO EXCLUSÃO EXCLUSÇAO
314650,10,EXCLUSÃO EXCLUSÃO EXCLUSÃO EXCLUSÃO EXCLUSÃO EXCLUSÃO EXCLUSÃO EXCLUSÃO
314656,10,EXCLUSÃO EXCLUSÃO EXCLUSÃO EXCLUSÃO EXCLUSÃO EXCLUSÃO EXCLUSÃO
314657,10,EXCLUSÃO EXCLUSÃO EXCLUSÃO EXCLUSÃO EXCLUSÃO EXCLUSÃO
314658,10,EXCLUSÃO EXCLUSÃO EXCLUSÃO EXCLUSÃO EXCLUSÃO EXCLUSÃO EXCLUSAÕ
314720,10,EXCLUSÃO EXCLUSÃO EXCLUSÃO EXCLUSÃO EXCLUSÃO EXCLUSÃO EXCLUSÃO
314721,10,EXCLUSÃO EXCLUSÃO EXCLUSÃO EXCLUSÃO EXCLUSÃO EXCLUSÃO EXCLUSÃO
314723,10,EXCLUSÃO EXCLUSÃO EXCLUSÃOEXCLUSÃO EXCLUSÃO EXCLUSÃO EXCLUSÃO EXCLUSÃO
314724,10,EXCLUSÃO EXCLUSÃO EXCLUSÃO EXCLUSÃO EXCLUSÃO EXCLUSÃO EXCLUSÃO
314725,12,EXCLUSÃO EXCLUSÃO EXCLUSÃO EXCLUSÃO EXCLUSÃO EXCLUSÃO EXCLUSÃO
314839,12,EXCLUSAO IMEDIATA EXCLUSAO IMEDIATA EXCLUSAO IMEDIATA EXCLUSAO IMEDIATA EXCLUSAO IMEDIATA
314872,10,EXCLUSÃO EXCLUSÃO EXCLUSÃO EXCLUSÃO EXCLUSÃO EXCLUSÃO EXCLUSÃO EXCLUSÃO
314873,10,EXCLUSÃO EXCLUSÃO EXCLUSÃO EXCLUSÃO EXCLUSÃO EXCLUSÃO EXCLUSÃO EXCLUSÃO EXCLUSÃO
314893,12,EXCLUSÃO EXCLUSÃO EXCLUSÃO EXCLUSÃO EXCLUSÃO EXCLUSÃO EXCLUSÃO
314894,12,EXCLUSÃO EXCLUSÃO EXCLUSÃO EXCLUSÃO EXCLUSÃO EXCLUSÃO EXCLUSAÕ EXCLUSÃO
314895,12,EXCLUSÃO  EXCLUSÃO EXCLUSÃO EXCLUSÃO EXCLUSÃO EXCLUSÃO EXCLUSÃO
314896,12,EXCLUSÃO EXCLUSÃO EXCLUSÃO EXCLUSÃO EXCLUSÃO EXCLUSÃO EXCLUSÃO EXCLUSAÕ
314897,12,EXCLUSÃO EXCLUSÃO EXCLUSÃO EXCLUSÃO EXCLUSÃO EXCLUSÃO
314898,12,EXCLUSÃO EXCLUSÃO EXCLUSÃO EXCLUSÃO EXCLUSÃO EXCLUSÃO EXCLUSÃO
314913,12,EXCLUSAO EXXCLUSAO EXCLUSAO EXCLUSAO EXCLUSAO EXCLUSAO EXCLUSAO EXCLUSAO
314914,12,EXCLUSAO EXCLUSAO EXCLUSAO EXCLUSAO EXCLUSAO EXCLUSAO EXCLUSAO EXCLUSAO
314916,11,EXCLUSÃO EXCLUSÃO EXCLUSÃO EXCLUSÃO EXCLUSÃO EXCLUSÃO EXCLUSÃO
314937,12,EXCLUSÃO EXCLUSÃO EXCLUSÃO EXCLUSÃO EXCLUSÃO EXCLUSÃO EXCLUSÃO
314938,12,EXCLUSÃO EXCLUSÃO EXCLUSÃO EXCLUSÃO EXCLUSÃO EXCLUSÃO EXCLUSÃO
314948,10,Solicito a exclusão do contrato acima   Solicito a exclusão do contrato acima   Solicito a exclusão do contrato acima
314960,11,EXCLUSÃO EXCLUSÃO EXCLUSÃO EXCLUSÃO EXCLUSÃO EXCLUSAO EXCLUSÃO
314962,12,EXCLUSÃOEXCLUSÃO EXCLUSÃO EXCLUSÃO EXCLUSÃO EXCLUSÃO EXCLUSÃO EXCLUSÃO
314968,11,EXCLUSÃO EXCLUSÃO EXCLUSÃO EXCLUSÃO EXCLUSÃO EXCLUSÃO EXCLUSAO EXCLUSÃO EXCLUSÃOEXCLUSÃO
314992,12,EXCLUSÃO EXCLUSÃO EXCLUSÃO EXCLUSÃO EXCLUSÃO EXCLUSÃO EXCLUSÃO EXCLUSÃO EXCLUSÃO EXCLUSÃO
315107,12,EXCLUSAO EXCLUSÃO EXCLUSÃO EXCLUSÃO EXCLUSÃO EXCLUSÃO EXCLUSÃO
315551,10,Exclusão exclusão exclusão exclusão exclusão exclusão exclusão
315553,10,Exclusão exclusão exclusão exclusão exclusão exclusão exclusão exclusão
315554,10,Exclusão exclusão exclusão exclusão exclusão exclusão exclusão exclusão exclusão
315555,11,Exclusão exclusão exclusão exclusão exclusão exclusão exclusão exclusão exclusão
315557,10,Exclusão exclusão exclusão exclusão exclusão exclusão exclusão exclusão
315670,12,Exclusão exclusão exclusão exclusão exclusão exclusão exclusão exclusão exclusão
315708,10,EXCLUSÃO EXCLUSÃO EXCLUSÃO EXCLUSÃO EXCLUSÃO EXCLUSÃO EXCLUSÃO EXCLUSÃO
315815,11,Exclusão exclusão exclusão exclusão exclusão exclusão exclusão exclusão
315848,11,SOLICITO A EXCLUSAO DO CONTRATO ACIMA E EXCLUSAO DO CONTRATO E EXCLUSAO SOLICITO A EXCLUSAO DOC ONTRATO ACIMA E REVISAO DO CONTRATO ACIMA E REVISAO DO CONTRATO
315849,10,SOLICITO A EXCLUSAO DO CONTRATO ACIMA E EXCLUSAO DO CONTRATO E EXCLUSAO SOLICITO A EXCLUSAO DOC ONTRATO ACIMA E REVISAO DO CONTRATO ACIMA E REVISAO DO CONTRATO
315850,12,SOLICITO A EXCLUSAO DO CONTRATO ACIMA E EXCLUSAO DO CONTRATO E EXCLUSAO SOLICITO A EXCLUSAO DOC ONTRATO ACIMA E REVISAO DO CONTRATO ACIMA E REVISAO DO CONTRATO
315963,10,Exclusão exclusão exclusão exclusão exclusão exclusão exclusão exclusão
315985,10,Exclusão exclusão exclusão exclusão exclusão exclusão exclusão exclusão exclusão
316002,10,Exclusão exclusão exclusão exclusivas exclusão exclusão exclusão
316004,10,Exclusão exclusão exclusão exclusão exclusão exclusão
316005,11,Exclusão exclusão exclusão exclusão exclusão exclusão exclusão
316075,12,exclusão exclusão exclusão exclusão exclusão exclusão exclusão
316105,10,Exclusão exclusão exclusão exclusão exclusão exclusão exclusão exclusão
316106,11,Exclusão exclusão exclusão exclusão exclusão exclusão exclusão exclusão
316158,10,Exclusão exclusão exclusão exclusão exclusão exclusão exclusão exclusão exclusão
316162,11,Exclusão exclusão exclusão exclusão exclusão exclusão exclusão exclusão
316166,10,Exclusão exclusão excludente exclusão exclusão exclusão exclusão exclusão
316171,12,Exclusão exclusão exclusão exclusão exclusão exclusão exclusão
316173,12,Exclusão exclusão exclusão exclusão exclusão exclusão exclusão exclusão exclusão
316176,10,Exclusão exclusão exclusão exclusão exclusão exclusão exclusão exclusão exclusão
316185,11,SOLICITO A EXCLUSAO DO CONTRATO ACIMA E EXCLUSAO DO CONTRATO E EXCLUSAO SOLICITO A EXCLUSAO DOC ONTRATO ACIMA E REVISAO DO CONTRATO ACIMA E REVISAO DO CONTRATO
316227,10,Exclusão exclusão exclusão exclusão exclusão exclusão exclusão exclusão
316242,10,Exclusão exclusão exclusão exclusão exclusão exclusão exclusão exclusão
316245,11,Exclusão exclusão exclusão exclusão exclusão exclusão exclusão exclusão exclusão
316253,10,SOLICITO A EXCLUSAO DO CONTRATO ACIMA E EXCLUSAO DO CONTRATO E EXCLUSAO SOLICITO A EXCLUSAO DOC ONTRATO ACIMA E REVISAO DO CONTRATO ACIMA E REVISAO DO CONTRATO
316254,10,SOLICITO A EXCLUSAO DO CONTRATO ACIMA E EXCLUSAO DO CONTRATO E EXCLUSAO SOLICITO A EXCLUSAO DOC ONTRATO ACIMA E REVISAO DO CONTRATO ACIMA E REVISAO DO CONTRATO
316255,11,SOLICITO A EXCLUSAO DO CONTRATO ACIMA E EXCLUSAO DO CONTRATO E EXCLUSAO SOLICITO A EXCLUSAO DOC ONTRATO ACIMA E REVISAO DO CONTRATO ACIMA E REVISAO DO CONTRATO
316256,12,SOLICITO A EXCLUSAO DO CONTRATO ACIMA E EXCLUSAO DO CONTRATO E EXCLUSAO SOLICITO A EXCLUSAO DOC ONTRATO ACIMA E REVISAO DO CONTRATO ACIMA E REVISAO DO CONTRATO
316285,12,SOLICITO A EXCLUSAO DO CONTRATO ACIMA E EXCLUSAO DO CONTRATO E EXCLUSAO SOLICITO A EXCLUSAO DOC ONTRATO ACIMA E REVISAO DO CONTRATO ACIMA E REVISAO DO CONTRATO
316287,11,SOLICITO A EXCLUSAO DO CONTRATO ACIMA E EXCLUSAO DO CONTRATO E EXCLUSAO SOLICITO A EXCLUSAO DOC ONTRATO ACIMA E REVISAO DO CONTRATO ACIMA E REVISAO DO CONTRATO
316290,10,SOLICITO A EXCLUSAO DO CONTRATO ACIMA E EXCLUSAO DO CONTRATO E EXCLUSAO SOLICITO A EXCLUSAO DOC ONTRATO ACIMA E REVISAO DO CONTRATO ACIMA E REVISAO DO CONTRATO
316292,11,SOLICITO A EXCLUSAO DO CONTRATO ACIMA E EXCLUSAO DO CONTRATO E EXCLUSAO SOLICITO A EXCLUSAO DOC ONTRATO ACIMA E REVISAO DO CONTRATO ACIMA E REVISAO DO CONTRATO
316294,11,SOLICITO A EXCLUSAO DO CONTRATO ACIMA E EXCLUSAO DO CONTRATO E EXCLUSAO SOLICITO A EXCLUSAO DOC ONTRATO ACIMA E REVISAO DO CONTRATO ACIMA E REVISAO DO CONTRATO
316298,11,SOLICITO A EXCLUSAO DO CONTRATO ACIMA E EXCLUSAO DO CONTRATO E EXCLUSAO SOLICITO A EXCLUSAO DOC ONTRATO ACIMA E REVISAO DO CONTRATO ACIMA E REVISAO DO CONTRATO
316326,10,Exclusão exclusão exclusão exclusão exclusão exclusão exclusão exclusão exclusão
316327,10,Exclusão exclusão exclusão exclusão exclusão exclusão exclusão exclusão exclusão exclusao
316334,10,Exclusão exclusão exclusão exclusão exclusão exclusão exclusão exclusão exclusão
316365,10,Exclusão exclusão exclusão exclusão exclusão exclusão exclusão exclusão
316366,11,Exclusão exclusão exclusão exclusão exclusão exclusão exclusão exclusão exclusão exclusão
316368,12,Exclusão exclusão exclusão exclusão exclusão exclusão exclusão exclui exclusão
316372,10,Exclusão exclusão exclusão exclusão exclusão exclusão exclusão exclusão exclusão exclusão
316389,10,Exclusão exclusão exclusão exclusão exclusão exclusão exclusão exclusão exclusão
316390,11,Exclusão exclusão exclusão exclusão exclusão exclusão exclusão exclusão exclusão exclusão
316419,11,Exclusão exclusão exclusão exclusão exclusão exclusão exclusão exclusão exclusão
316421,12,Exclusão exclusão exclusão exclusão exclusão exclusão exclusão exclusão exclusão
316475,10,Exclusão exclusão exclusão exclusão exclusão excludente exclusão exclusão exclusão exclusão
316476,10,Exclusão exclusão exclusão exclusão exclusão exclusão exclusão exclusão exclusão
316477,11,Exclusão exclusão exclusão exclusivas exclusão exclusão exclusão exclusão exclusão exclusão exclusão
316478,12,Exclusão exclusão exclusão exclusão exclusão exclusão exclusão exclusão exclusão exclusão exclusão
316518,10,Exclusão exclusão exclusão exclusão exclusão exclusão exclusão exclusão exclusão
316519,11,Exclusão exclusão exclusão exclusão exclusão exclusão exclusão exclusão exclusão exclusão
316561,10,Exclusão exclusão exclusão exclusão exclusão exclusa exclusão exclusão
316576,12,Exclusão exclusão exclusão exclusão exclusão exclusão exclusão exclusão exclusão
316577,10,Exclusão exclusão exclusão exclusão exclusão exclusão exclusão exclusão exclusão exclusão
316578,10,Exclusão exclusão exclusão exclusão exclusão exclusão exclusão exclusão exclusão
316601,11,SOLICITO A EXCLUSAO DO CONTRATO ACIMA E EXCLUSAO DO CONTRATO E EXCLUSAO SOLICITO A EXCLUSAO DOC ONTRATO ACIMA E REVISAO DO CONTRATO ACIMA E REVISAO DO CONTRATO
316607,10,SOLICITO A EXCLUSAO DO CONTRATO ACIMA E EXCLUSAO DO CONTRATO E EXCLUSAO SOLICITO A EXCLUSAO DOC ONTRATO ACIMA E REVISAO DO CONTRATO ACIMA E REVISAO DO CONTRATO
316608,12,SOLICITO A EXCLUSAO DO CONTRATO ACIMA E EXCLUSAO DO CONTRATO E EXCLUSAO SOLICITO A EXCLUSAO DOC ONTRATO ACIMA E REVISAO DO CONTRATO ACIMA E REVISAO DO CONTRATO
316611,10,SOLICITO A EXCLUSAO DO CONTRATO ACIMA E EXCLUSAO DO CONTRATO E EXCLUSAO SOLICITO A EXCLUSAO DOC ONTRATO ACIMA E REVISAO DO CONTRATO ACIMA E REVISAO DO CONTRATO
316643,10,Exclusão exclusão exclusão exclusão exclusão exclusão exclusão exclusão exclusão exclusão
316644,10,Exclusão exclusão exclusão exclusivas exclusão exclusão exclusão exclusão exclusão
316645,11,Exclusão exclusão exclusão exclusão exclusão exclusão exclusão exclusão exclusão
316646,12,Exclusão exclusão exclusão exclusão exclusão exclusão exclusão exclusão exclusão exclusão exclusão exclusão
316648,10,SOLICITO A EXCLUSAO DO CONTRATO ACIMA E EXCLUSAO DO CONTRATO E EXCLUSAO SOLICITO A EXCLUSAO DOC ONTRATO ACIMA E REVISAO DO CONTRATO ACIMA E REVISAO DO CONTRATO
316650,10,Exclusão exclusão exclusão exclusão exclusão exclusão exclusão exclusão exclusão
316651,11,SOLICITO A EXCLUSAO DO CONTRATO ACIMA E EXCLUSAO DO CONTRATO E EXCLUSAO SOLICITO A EXCLUSAO DOC ONTRATO ACIMA E REVISAO DO CONTRATO ACIMA E REVISAO DO CONTRATO
316652,10,SOLICITO A EXCLUSAO DO CONTRATO ACIMA E EXCLUSAO DO CONTRATO E EXCLUSAO SOLICITO A EXCLUSAO DOC ONTRATO ACIMA E REVISAO DO CONTRATO ACIMA E REVISAO DO CONTRATO
316655,10,SOLICITO A EXCLUSAO DO CONTRATO ACIMA E EXCLUSAO DO CONTRATO E EXCLUSAO SOLICITO A EXCLUSAO DOC ONTRATO ACIMA E REVISAO DO CONTRATO ACIMA E REVISAO DO CONTRATO
316656,10,Exclusão exclusão exclusão exclusão exclusão exclusão exclusão exclusão exclusão
316657,10,Exclusão excessiva exclusão exclusão exclusão exclusão exclusão excessiva exclusão exclusão
316660,11,Exclusão exclusão exclusão exclusão exclusão exclusão exclusão exclusão exclusão exclusão exclusão exclusão
316662,11,SOLICITO A EXCLUSAO DO CONTRATO ACIMA E EXCLUSAO DO CONTRATO E EXCLUSAO SOLICITO A EXCLUSAO DOC ONTRATO ACIMA E REVISAO DO CONTRATO ACIMA E REVISAO DO CONTRATO
316663,10,Exclusão exclusão exclusão exclusão exclusão exclusão exclusão exclusão exclusão exclusão
316665,10,Exclusão exclusão exclusão exclusão exclusão exclusão exclusão exclusão exclusão exclusão exclusão exclusão
316666,12,SOLICITO A EXCLUSAO DO CONTRATO ACIMA E EXCLUSAO DO CONTRATO E EXCLUSAO SOLICITO A EXCLUSAO DOC ONTRATO ACIMA E REVISAO DO CONTRATO ACIMA E REVISAO DO CONTRATO
316667,12,SOLICITO A EXCLUSAO DO CONTRATO ACIMA E EXCLUSAO DO CONTRATO E EXCLUSAO SOLICITO A EXCLUSAO DOC ONTRATO ACIMA E REVISAO DO CONTRATO ACIMA E REVISAO DO CONTRATO
316668,11,Exclusão exclusão exclusão exclusão exclusão exclusão exclusão exclusão exclusão exclusão exclusão
316669,10,SOLICITO A EXCLUSAO DO CONTRATO ACIMA E EXCLUSAO DO CONTRATO E EXCLUSAO SOLICITO A EXCLUSAO DOC ONTRATO ACIMA E REVISAO DO CONTRATO ACIMA E REVISAO DO CONTRATO
316671,11,Exclusão exclusão exclusão exclusão exclusão exclusão exclusão exclusão exclusão
316674,11,SOLICITO A EXCLUSAO DO CONTRATO ACIMA E EXCLUSAO DO CONTRATO E EXCLUSAO SOLICITO A EXCLUSAO DOC ONTRATO ACIMA E REVISAO DO CONTRATO ACIMA E REVISAO DO CONTRATO
316675,11,SOLICITO A EXCLUSAO DO CONTRATO ACIMA E EXCLUSAO DO CONTRATO E EXCLUSAO SOLICITO A EXCLUSAO DOC ONTRATO ACIMA E REVISAO DO CONTRATO ACIMA E REVISAO DO CONTRATO
316681,12,SOLICITO A EXCLUSAO DO CONTRATO ACIMA E EXCLUSAO DO CONTRATO E EXCLUSAO SOLICITO A EXCLUSAO DOC ONTRATO ACIMA E REVISAO DO CONTRATO ACIMA E REVISAO DO CONTRATO
316682,11,SOLICITO A EXCLUSAO DO CONTRATO ACIMA E EXCLUSAO DO CONTRATO E EXCLUSAO SOLICITO A EXCLUSAO DOC ONTRATO ACIMA E REVISAO DO CONTRATO ACIMA E REVISAO DO CONTRATO
316683,10,SOLICITO A EXCLUSAO DO CONTRATO ACIMA E EXCLUSAO DO CONTRATO E EXCLUSAO SOLICITO A EXCLUSAO DOC ONTRATO ACIMA E REVISAO DO CONTRATO ACIMA E REVISAO DO CONTRATO
316684,10,Exclusão exclusão exclusão exclusão exclusão excludente exclusão exclusão exclusão
316685,10,Exclusão exclusão exclusão exclusão exclusão exclusão exclusão exclusão exclusão
316686,11,Exclusão exclusão exclusão exclusão exclusão exclusão exclusão exclusão exclusão exclusão
316689,11,Exclusão exclusão exclusão exclusão exclusão exclusão exclusão exclusão exclusão
316690,12,Exclusão exclusão exclusão exclusão exclusão exclusão exclusão exclusão exclusão
316691,10,Exclusão exclusão exclusão exclusão exclusão exclusão exclusão exclusão exclusão exclusão
316694,11,Exclusão exclusão exclusão exclusão exclusão exclusão exclusão exclusão exclusão exclusão
316695,12,Exclusão exclusão exclusão exclusão exclusão exclusão exclusão exclusão exclusão exclusão
316696,10,Exclusão exclusão exclusão exclusão exclusão exclusão exclusão exclusão exclusão exclusão
316697,11,Exclusão exclusão exclusão exclusão exclusão exclusão exclusão exclusão
316702,10,SOLICITO A EXCLUSAO DO CONTRATO ACIMA E EXCLUSAO DO CONTRATO E EXCLUSAO SOLICITO A EXCLUSAO DOC ONTRATO ACIMA E REVISAO DO CONTRATO ACIMA E REVISAO DO CONTRATO
316704,12,SOLICITO A EXCLUSAO DO CONTRATO ACIMA E EXCLUSAO DO CONTRATO E EXCLUSAO SOLICITO A EXCLUSAO DOC ONTRATO ACIMA E REVISAO DO CONTRATO ACIMA E REVISAO DO CONTRATO
316705,12,SOLICITO A EXCLUSAO DO CONTRATO ACIMA E EXCLUSAO DO CONTRATO E EXCLUSAO SOLICITO A EXCLUSAO DOC ONTRATO ACIMA E REVISAO DO CONTRATO ACIMA E REVISAO DO CONTRATO
316706,11,SOLICITO A EXCLUSAO DO CONTRATO ACIMA E EXCLUSAO DO CONTRATO E EXCLUSAO SOLICITO A EXCLUSAO DOC ONTRATO ACIMA E REVISAO DO CONTRATO ACIMA E REVISAO DO CONTRATO
316708,11,SOLICITO A EXCLUSAO DO CONTRATO ACIMA E EXCLUSAO DO CONTRATO E EXCLUSAO SOLICITO A EXCLUSAO DOC ONTRATO ACIMA E REVISAO DO CONTRATO ACIMA E REVISAO DO CONTRATO
316709,11,SOLICITO A EXCLUSAO DO CONTRATO ACIMA E EXCLUSAO DO CONTRATO E EXCLUSAO SOLICITO A EXCLUSAO DOC ONTRATO ACIMA E REVISAO DO CONTRATO ACIMA E REVISAO DO CONTRATO
316719,12,SOLICITO A EXCLUSAO DO CONTRATO ACIMA E EXCLUSAO DO CONTRATO E EXCLUSAO SOLICITO A EXCLUSAO DOC ONTRATO ACIMA E REVISAO DO CONTRATO ACIMA E REVISAO DO CONTRATO
316722,11,SOLICITO A EXCLUSAO DO CONTRATO ACIMA E EXCLUSAO DO CONTRATO E EXCLUSAO SOLICITO A EXCLUSAO DOC ONTRATO ACIMA E REVISAO DO CONTRATO ACIMA E REVISAO DO CONTRATO
316723,12,SOLICITO A EXCLUSAO DO CONTRATO ACIMA E EXCLUSAO DO CONTRATO E EXCLUSAO SOLICITO A EXCLUSAO DOC ONTRATO ACIMA E REVISAO DO CONTRATO ACIMA E REVISAO DO CONTRATO
316724,10,SOLICITO A EXCLUSAO DO CONTRATO ACIMA E EXCLUSAO DO CONTRATO E EXCLUSAO SOLICITO A EXCLUSAO DOC ONTRATO ACIMA E REVISAO DO CONTRATO ACIMA E REVISAO DO CONTRATO
316725,12,SOLICITO A EXCLUSAO DO CONTRATO ACIMA E EXCLUSAO DO CONTRATO E EXCLUSAO SOLICITO A EXCLUSAO DOC ONTRATO ACIMA E REVISAO DO CONTRATO ACIMA E REVISAO DO CONTRATO
316754,10,Exclusão exclusão exclusão exclusão exclusão exclusão exclusão exclusão exclusão exclusão
316755,10,Exclusão exclusão exclusão exclusão exclusão exclusão exclusão exclusão exclusão exclusão
316756,12,Exclusão exclusão exclusão exclusão exclusão exclusão exclusão exclusão exclusão exclusão
316757,10,Exclusão exclusão exclusão exclusão exclusão exclusão exclusão exclusão exclusão exclusão exclusão exclusão
316773,10,Exclusão exclusão exclusão exclusão exclusão exclusão exclusão exclusão exclusão exclusão exclusão
316775,11,Exclusão exclusão exclusão exclusão exclusão exclusão exclusão exclusão exclusão exclusão
316777,12,Exclusão exclusão exclusão exclusão exclusão exclusão exclusão exclusão
316779,10,Exclusão exclusão exclusão exclusão exclusão exclusão exclusão exclusão exclusão
316783,11,Exclusão exclusão exclusão exclusão exclusão exclusão exclusão exclusão
316785,11,Exclusão exclusão exclusão exclusão exclusão exclusão exclusão exclusão exclusão
316786,12,Exclusão exclusão exclusão exclusão exclusão exclusão exclusão exclusão
316791,10,Exclusão exclusão exclusão exclusão exclusão exclusão exclusão exclusão exclusão exclusão exclusão exclusão
316823,11,SOLICITO A EXCLUSAO DO CONTRATO ACIMA E EXCLUSAO DO CONTRATO E EXCLUSAO SOLICITO A EXCLUSAO DOC ONTRATO ACIMA E REVISAO DO CONTRATO ACIMA E REVISAO DO CONTRATO
316824,12,SOLICITO A EXCLUSAO DO CONTRATO ACIMA E EXCLUSAO DO CONTRATO E EXCLUSAO SOLICITO A EXCLUSAO DOC ONTRATO ACIMA E REVISAO DO CONTRATO ACIMA E REVISAO DO CONTRATO
316825,11,SOLICITO A EXCLUSAO DO CONTRATO ACIMA E EXCLUSAO DO CONTRATO E EXCLUSAO SOLICITO A EXCLUSAO DOC ONTRATO ACIMA E REVISAO DO CONTRATO ACIMA E REVISAO DO CONTRATO
316826,10,SOLICITO A EXCLUSAO DO CONTRATO ACIMA E EXCLUSAO DO CONTRATO E EXCLUSAO SOLICITO A EXCLUSAO DOC ONTRATO ACIMA E REVISAO DO CONTRATO ACIMA E REVISAO DO CONTRATO
316833,11,SOLICITO A EXCLUSAO DO CONTRATO ACIMA E EXCLUSAO DO CONTRATO E EXCLUSAO SOLICITO A EXCLUSAO DOC ONTRATO ACIMA E REVISAO DO CONTRATO ACIMA E REVISAO DO CONTRATO
316834,11,SOLICITO A EXCLUSAO DO CONTRATO ACIMA E EXCLUSAO DO CONTRATO E EXCLUSAO SOLICITO A EXCLUSAO DO CONTRATO ACIMA E REVISAO DO CONTRATO ACIMA E REVISAO DO CONTRATO
316835,11,SOLICITO A EXCLUSAO DO CONTRATO ACIMA E EXCLUSAO DO CONTRATO E EXCLUSAO SOLICITO A EXCLUSAO DOC ONTRATO ACIMA E REVISAO DO CONTRATO ACIMA E REVISAO DO CONTRATO
316836,10,SOLICITO A EXCLUSAO DO CONTRATO ACIMA E EXCLUSAO DO CONTRATO E EXCLUSAO SOLICITO A EXCLUSAO DOC ONTRATO ACIMA E REVISAO DO CONTRATO ACIMA E REVISAO DO CONTRATO
316838,11,SOLICITO A EXCLUSAO DO CONTRATO ACIMA E EXCLUSAO DO CONTRATO E EXCLUSAO SOLICITO A EXCLUSAO DOC ONTRATO ACIMA E REVISAO DO CONTRATO ACIMA E REVISAO DO CONTRATO
316840,11,SOLICITO A EXCLUSAO DO CONTRATO ACIMA E EXCLUSAO DO CONTRATO E EXCLUSAO SOLICITO A EXCLUSAO DOC ONTRATO ACIMA E REVISAO DO CONTRATO ACIMA E REVISAO DO CONTRATO
316841,11,SOLICITO A EXCLUSAO DO CONTRATO ACIMA E EXCLUSAO DO CONTRATO E EXCLUSAO SOLICITO A EXCLUSAO DOC ONTRATO ACIMA E REVISAO DO CONTRATO ACIMA E REVISAO DO CONTRATO
316855,10,SOLICITO A EXCLUSAO DO CONTRATO ACIMA E EXCLUSAO DO CONTRATO E EXCLUSAO SOLICITO A EXCLUSAO DOC ONTRATO ACIMA E REVISAO DO CONTRATO ACIMA E REVISAO DO CONTRATO
316857,12,SOLICITO A EXCLUSAO DO CONTRATO ACIMA E EXCLUSAO DO CONTRATO E EXCLUSAO SOLICITO A EXCLUSAO DOC ONTRATO ACIMA E REVISAO DO CONTRATO ACIMA E REVISAO DO CONTRATO
316885,11,Exclusão exclusão exclusão exclusão exclusão exclusão exclusão exclusão exclusão exclusão
316917,11,SOLICITO A EXCLUSAO DO CONTRATO ACIMA E EXCLUSAO DO CONTRATO EXCLUSAO SOLICITO  DO CONTRATO ACIMA E REVISAO DO CONTRATO ACIMA E REVISAO DO CONTRATO.
316920,11,SOLICITO A EXCLUSAO DO CONTRATO ACIMA E EXCLUSAO DO CONTRATO E EXCLUSAO SOLICITO DO CONTRATO ACIMA E REVISAO DO CONTRATO ACIMA E REVISAO DO CONTRATO.
316937,10,Exclusão exclusão exclusão exclusão exclusão exclusão exclusão exclusão exclusão
316939,12,EXCLUSA EXCLUSÃO EXCLUSÃO EXCLUSÃO EXCLUSÃO EXCLUSÃO EXCLUSÃO
316984,11,SOLICITO A EXCLUSAO DO CONTRATO ACIMA E EXCLUSAO DO CONTRATO E EXCLUSAO SOLICITO A EXCLUSAO DOC ONTRATO ACIMA E REVISAO DO CONTRATO ACIMA E REVISAO DO CONTRATO
316986,11,SOLICITO A EXCLUSAO DO CONTRATO ACIMA E EXCLUSAO DO CONTRATO E EXCLUSAO SOLICITO A EXCLUSAO DOC ONTRATO ACIMA E REVISAO DO CONTRATO ACIMA E REVISAO DO CONTRATO
316988,10,SOLICITO A EXCLUSAO DO CONTRATO ACIMA E EXCLUSAO DO CONTRATO E EXCLUSAO SOLICITO A EXCLUSAO DOC ONTRATO ACIMA E REVISAO DO CONTRATO ACIMA E REVISAO DO CONTRATO
316989,12,SOLICITO A EXCLUSAO DO CONTRATO ACIMA E EXCLUSAO DO CONTRATO E EXCLUSAO SOLICITO A EXCLUSAO DOC ONTRATO ACIMA E REVISAO DO CONTRATO ACIMA E REVISAO DO CONTRATO
316990,10,SOLICITO A EXCLUSAO DO CONTRATO ACIMA E EXCLUSAO DO CONTRATO E EXCLUSAO SOLICITO A EXCLUSAO DOC ONTRATO ACIMA E REVISAO DO CONTRATO ACIMA E REVISAO DO CONTRATO
316991,11,SOLICITO A EXCLUSAO DO CONTRATO ACIMA E EXCLUSAO DO CONTRATO E EXCLUSAO SOLICITO A EXCLUSAO DOC ONTRATO ACIMA E REVISAO DO CONTRATO ACIMA E REVISAO DO CONTRATO
316992,11,SOLICITO A EXCLUSAO DO CONTRATO ACIMA E EXCLUSAO DO CONTRATO E EXCLUSAO SOLICITO A EXCLUSAO DOC ONTRATO ACIMA E REVISAO DO CONTRATO ACIMA E REVISAO DO CONTRATO
316993,11,SOLICITO A EXCLUSAO DO CONTRATO ACIMA E EXCLUSAO DO CONTRATO E EXCLUSAO SOLICITO A EXCLUSAO DOC CONTRATO ACIMA E REVISAO DO CONTRATO ACIMA E REVISAO DO CONTRATO
316994,10,Exclusão exclusão exclusão exclusão exclusão exclusão exclusão exclusão exclusão
316996,10,SOLICITO A EXCLUSAO DO CONTRATO ACIMA E EXCLUSAO DO CONTRATO E EXCLUSAO SOLICITO A EXCLUSAO DOC ONTRATO ACIMA E REVISAO DO CONTRATO ACIMA E REVISAO DO CONTRATO
316997,10,SOLICITO A EXCLUSAO DO CONTRATO ACIMA E EXCLUSAO DO CONTRATO E EXCLUSAO SOLICITO A EXCLUSAO DOC ONTRATO ACIMA E REVISAO DO CONTRATO ACIMA E REVISAO DO CONTRATO
317052,11,Exclusão exclusão exclusão exclusão exclusão exclusão exclusão exclusão exclusão
317055,10,Exclusão exclusão exclusão exclusão exclusão exclusão exclusão exclusão exclusão
317117,10,Exclusão exclusão exclusão exclusão exclusão exclusão exclusão exclusão
317118,12,SOLICITO A EXCLUSAO DO CONTRATO ACIMA E EXCLUSAO DO CONTRATO E EXCLUSAO SOLICITO A EXCLUSAO DOC ONTRATO ACIMA E REVISAO DO CONTRATO ACIMA E REVISAO DO CONTRATO
317119,11,SOLICITO A EXCLUSAO DO CONTRATO ACIMA E EXCLUSAO DO CONTRATO E EXCLUSAO SOLICITO A EXCLUSAO DOC ONTRATO ACIMA E REVISAO DO CONTRATO ACIMA E REVISAO DO CONTRATO
317130,12,Exclusão exclusão exclusão exclusão exclusão exclusão exclusão exclusão exclusão
317132,12,SOLICITO A EXCLUSAO DO CONTRATO ACIMA E EXCLUSAO DO CONTRATO E EXCLUSAO SOLICITO A EXCLUSAO DOC ONTRATO ACIMA E REVISAO DO CONTRATO ACIMA E REVISAO DO CONTRATO
317135,10,SOLICITO A EXCLUSAO DO CONTRATO ACIMA E EXCLUSAO DO CONTRATO E EXCLUSAO SOLICITO A EXCLUSAO DOC ONTRATO ACIMA E REVISAO DO CONTRATO ACIMA E REVISAO DO CONTRATO
317138,10,Exclusão exclusão exclusão exclusão exclusão exclusão exclusão exclusão exclusão
317139,11,Exclusão exclusão exclusão exclusão exclusão exclusão exclusão exclusão exclusão
317140,10,SOLICITO A EXCLUSAO DO CONTRATO ACIMA E EXCLUSAO DO CONTRATO E EXCLUSAO SOLICITO A EXCLUSAO DOC ONTRATO ACIMA E REVISAO DO CONTRATO ACIMA E REVISAO DO CONTRATO
317141,12,Exclusão exclusão exclusão exclusão exclusão exclusão exclusão exclusão exclusão exclusão
317143,10,Exclusão exclusão exclusão exclusão exclusão exclusão exclusão exclusão exclusão
317144,11,SOLICITO A EXCLUSAO DO CONTRATO ACIMA E EXCLUSAO DO CONTRATO E EXCLUSAO SOLICITO A EXCLUSAO DOC ONTRATO ACIMA E REVISAO DO CONTRATO ACIMA E REVISAO DO CONTRATO
317145,10,Exclusão exclusão exclusão exclusão exclusão exclusão exclusão exclusão exclusão exclusão
317146,10,Exclusão exclusão exclusão exclusão exclusão exclusão exclusão exclusão exclusão
317148,10,Exclusão exclusão exclusão exclusão exclusão exclusão exclusão exclusão exclusão
317150,10,Exclusão exclusão exclusão exclusão exclusão exclusão exclusão exclusão exclusão
317155,10,Exclusão exclusão exclusão exclusão exclusão exclusão exclusão exclusão exclusão exclusão
317158,10,Exclusão exclusão exclusão exclusão excludente exclusão exclusão exclusão exclusão
317159,10,Exclusão exclusão exclusão exclusão exclusão exclusão exclusão exclusão exclusão exclusão
317161,11,Exclusão exclusão exclusão exclusão exclusão exclusão exclusão exclusão
317163,11,Exclusão exclusão exclusão exclusão exclusão exclusão exclusão exclusão exclusão
317164,10,Exclusão exclusão exclusão exclusão exclusão exclusão exclusão exclusão exclusão
317178,12,Exclusão exclusão excludente exclusão exclusão exclusão exclusão exclusão exclusão exclusão exclusão
317193,10,Exclusão exclusão exclusão exclusão exclusão exclusão exclusão exclusão
317194,11,Exclusão exclusão exclusão exclusão excludente exclusão exclusão exclusão
317197,11,Exclusão exclusão exclusão exclusão exclusão exclusão exclusão exclusão
317199,11,Exclusão exclusão exclusão exclusão exclusão exclusão exclusão exclusão exclusão
317209,10,Exclusão exclusão exclusão exclusão exclusão exclusão exclusão exclusão
317210,11,Exclusão exclusão exclusão exclusão exclusão exclusão exclusão exclusão
317211,12,Exclusão exclusão exclusão exclusão exclusão exclusão exclusão exclusão exclusão exclusão
317212,11,Exclusão exclusão exclusão exclusão exclusão exclusão exclusão exclusão exclusão
317213,12,Exclusão exclusão exclusão exclusão exclusão exclusão exclusão
317215,11,Exclusão exclusão exclusão exclusão exclusão exclusão exclusão exclusão
317216,10,Exclusão exclusão exclusão exclusão exclusão exclusão exclusão exclusão
317249,10,SOLICITO A EXCLUSAO DO CONTRATO ACIMA E EXCLUSAO DO CONTRATO E EXCLUSAO SOLICITO A EXCLUSAO DOC ONTRATO ACIMA E REVISAO DO CONTRATO ACIMA E REVISAO DO CONTRATO
317250,12,SOLICITO A EXCLUSAO DO CONTRATO ACIMA E EXCLUSAO DO CONTRATO E EXCLUSAO SOLICITO A EXCLUSAO DOC ONTRATO ACIMA E REVISAO DO CONTRATO ACIMA E REVISAO DO CONTRATO
317254,12,SOLICITO A EXCLUSAO DO CONTRATO ACIMA E EXCLUSAO DO CONTRATO E EXCLUSAO SOLICITO A EXCLUSAO DOC ONTRATO ACIMA E REVISAO DO CONTRATO ACIMA E REVISAO DO CONTRATO
317258,10,SOLICITO A EXCLUSAO DO CONTRATO ACIMA E EXCLUSAO DO CONTRATO E EXCLUSAO SOLICITO A EXCLUSAO DOC ONTRATO ACIMA E REVISAO DO CONTRATO ACIMA E REVISAO DO CONTRATO
317259,12,Exclusão exclusão exclusão exclusão exclusão exclusão exclusão exclusão
317260,10,Exclusão exclusão exclusão exclusão exclusão exclusão exclusão exclusão exclusão
317262,10,Exclusão exclusão exclusão exclusão exclusão exclusão exclusão exclusão exclusão exclusão
317263,10,SOLICITO A EXCLUSAO DO CONTRATO ACIMA E EXCLUSAO DO CONTRATO E EXCLUSAO SOLICITO A EXCLUSAO DOC ONTRATO ACIMA E REVISAO DO CONTRATO ACIMA E REVISAO DO CONTRATO
317267,10,SOLICITO A EXCLUSAO DO CONTRATO ACIMA E EXCLUSAO DO CONTRATO E EXCLUSAO SOLICITO A EXCLUSAO DOC ONTRATO ACIMA E REVISAO DO CONTRATO ACIMA E REVISAO DO CONTRATO
317268,11,SOLICITO A EXCLUSAO DO CONTRATO ACIMA E EXCLUSAO DO CONTRATO E EXCLUSAO SOLICITO A EXCLUSAO DOC ONTRATO ACIMA E REVISAO DO CONTRATO ACIMA E REVISAO DO CONTRATO
317329,10,Exclusão exclusão exclusão exclusão exclusão exclusão exclusão exclusão exclusão
317330,12,Exclusão exclusão exclusão exclusão exclusão exclusão exclusão exclusão exclusão
317331,10,Exclusão exclusão exclusão exclusão exclusão exclusão exclusão exclusão exclusão
317337,10,Exclusão exclusão exclusão exclusão exclusão exclusão exclusão exclusão exclusão exclusão
317346,12,Exclusão exclusão exclusão exclusão exclusão exclusão exclusão exclusão exclusão
317365,10,Exclusão exclusão exclusão exclusão exclusão exclusão exclusão exclusão
317367,11,Exclusão exclusão exclusão exclusão exclusão exclusão exclusão exclusão
317368,10,Exclusão exclusão exclusão exclusão exclusão exclusão exclusão exclusão exclusão
317371,11,Exclusão exclusão exclusão exclusão exclusão exclusão exclusão exclusão
317377,11,Exclusão exclusão exclusão exclusão exclusão exclusão exclusão exclusão exclusão
317395,12,Exclusão exclusão exclusão exclusão exclusão exclusão exclusão exclusão exclusão
317396,12,Exclusão exclusão exclusão exclusão exclusão exclusão exclusão exclusão
317397,12,Exclusão exclusão exclusão exclusão exclusão exclusão exclusão exclusão exclusão
317404,11,SOLICITO A EXCLUSAO DO CONTRATO ACIMA E EXCLUSAO DO CONTRATO E EXCLUSAO SOLICITO A EXCLUSAO DOC ONTRATO ACIMA E REVISAO DO CONTRATO ACIMA E REVISAO DO CONTRATO
317405,10,SOLICITO A EXCLUSAO DO CONTRATO ACIMA E EXCLUSAO DO CONTRATO E EXCLUSAO SOLICITO A EXCLUSAO DOC ONTRATO ACIMA E REVISAO DO CONTRATO ACIMA E REVISAO DO CONTRATO
317407,11,SOLICITO A EXCLUSAO DO CONTRATO ACIMA E EXCLUSAO DO CONTRATO E EXCLUSAO SOLICITO A EXCLUSAO DOC ONTRATO ACIMA E REVISAO DO CONTRATO ACIMA E REVISAO DO CONTRATO
317408,10,SOLICITO A EXCLUSAO DO CONTRATO ACIMA E EXCLUSAO DO CONTRATO E EXCLUSAO SOLICITO A EXCLUSAO DOC ONTRATO ACIMA E REVISAO DO CONTRATO ACIMA E REVISAO DO CONTRATO
317409,12,SOLICITO A EXCLUSAO DO CONTRATO ACIMA E EXCLUSAO DO CONTRATO E EXCLUSAO SOLICITO A EXCLUSAO DOC ONTRATO ACIMA E REVISAO DO CONTRATO ACIMA E REVISAO DO CONTRATO
317440,10,Exclusão exclusão exclusão exclusão exclusão exclusão exclusão exclusão exclusão
317441,11,Exclusão exclusão exclusão exclusão exclusão exclusão exclusão exclusão exclusão
317484,10,Exclusão exclusão exclusão exclusão exclusão exclusão exclusão exclusão exclusão
317485,10,Exclusão exclusão exclusão exclusão exclusão exclusão exclusão exclusão exclusão
317486,10,Exclusão exclusão exclusão exclusão exclusão exclusão exclusão exclusão exclusão
317588,10,Exclusão exclusão exclusão exclusão exclusão exclusão exclusão exclusão exclusão exclusão exclusão
317589,10,Exclusão exclusão exclusão exclusão exclusão exclusão exclusão exclusão exclusão exclusão
317591,12,Exclusão exclusão exclusão exclusão exclusão exclusão exclusão exclusão exclusão exclusão
317592,12,Exclusão exclusão exclusão exclusão exclusão exclusão exclusão exclusão exclusão exclusão exclusão
317593,11,Exclusão exclusão exclusão exclusão exclusão exclusão exclusão exclusão exclusão exclusão exc
317594,10,Exclusão exclusão exclusão exclusão exclusão exclusão exclusão exclusão exclusão
317595,11,Exclusão exclusão exclusão exclusão exclusão exclusão exclusão exclusão exclusão exclusão
317596,10,Exclusão exclusão exclusão exclusão exclusão exclusão exclusão exclusão exclusão segue boleto de quitação
317692,10,Exclusão exclusão exclusão exclusivas exclusão exclusão exclusão exclusão
317717,10,Exclusão exclusão exclusão exclusão exclusão exclusão exclusão exclusão exclusão
317719,11,Exclusão exclusão exclusão exclusão exclusão exclusão exclusão exclusão exclusão
317721,10,Exclusão exclusão exclusão exclusão exclusão exclusão exclusão exclusão exclusão
317722,10,Exclusão exclusão exclusão exclusão exclusão exclusão exclusão exclusão exclusão
317725,11,Exclusão exclusão exclusão exclusão exclusão exclusão exclusão exclusão exclusão exclusão
317727,11,Exclusão exclusão exclusão exclusão exclusão exclusão exclusão exclusão exclusão exclusão
317734,11,Exclusão exclusão exclusão exclusão exclusão exclusão exclusão exclusão exclusão exclusão
317735,12,Exclusão exclusão exclusão exclusão exclusão exclusão exclusão exclusão exclusão
317736,11,Exclusão exclusão exclusão exclusão exclusão exclusão exclusão exclusão exclusão exclusão
317739,12,Exclusão exclusão exclusão exclusão exclusão exclusão exclusão exclusão exclusão exclusão
317754,10,Exclusão exclusão exclusão exclusão exclusão exclusão exclusão exclusão exclusão exclusão exclusão
317756,10,Exclusão exclusão exclusão exclusão exclusão exclusão exclusão exclusão exclusão
317757,10,Exclusão exclusão exclusão exclusão exclusão exclusão exclusão exclusão exclusão
317902,10,Exclusão exclusão exclusão exclusão exclusão exclusão exclusão exclusão exclusão
317904,10,Exclusão exclusão exclusão exclusão exclusão exclusão exclusão exclusão
318035,10,Exclusão exclusão exclusão exclusão exclusão exclusão exclusão exclusão exclusão
318036,10,Exclusão exclusão exclusão exclusão exclusão exclusão exclusão exclusão exclusão
318037,10,Exclusão exclusão exclusão exclusão exclusão exclusão exclusão exclusão exclusão exclusão
318090,10,Exclusão exclusão exclusão exclusão exclusão exclusão exclusão exclusão exclusão exclusão
318092,11,Exclusão exclusão exclusão exclusão exclusão exclusão exclusão exclusão exclusão
318097,12,Exclusão exclusão exclusão exclusão exclusão exclusão exclusão exclusão exclusão
318109,10,Exclusão exclusão exclusão exclusão exclusão exclusão exclusão exclusão
318142,10,Exclusão exclusão exclusão exclusão exclusão exclusão exclusão exclusão
318300,10,Exclusão exclusão exclusão exclusão exclusão exclusão exclusão exclusão exclusão
318301,11,Exclusão exclusão exclusão exclusão exclusão exclusão exclusão exclusão
318305,10,Exclusão exclusão exclusão exclusão exclusão exclusão exclusão exclusão exclusão
318437,11,SOLICITO A EXCLUSAO DO CONTRATO ACIMA E EXCLUSAO DO CONTRATO E EXCLUSAO SOLICITO A EXCLUSAO DOC ONTRATO ACIMA E REVISAO DO CONTRATO ACIMA E REVISAO DO CONTRATO
318439,12,SOLICITO A EXCLUSAO DO CONTRATO ACIMA E EXCLUSAO DO CONTRATO E EXCLUSAO SOLICITO A EXCLUSAO DOC ONTRATO ACIMA E REVISAO DO CONTRATO ACIMA E REVISAO DO CONTRATO
318440,11,SOLICITO A EXCLUSAO DO CONTRATO ACIMA E EXCLUSAO DO CONTRATO E EXCLUSAO SOLICITO A EXCLUSAO DOC ONTRATO ACIMA E REVISAO DO CONTRATO ACIMA E REVISAO DO CONTRATO
318445,11,SOLICITO A EXCLUSAO DO CONTRATO ACIMA E EXCLUSAO DO CONTRATO E EXCLUSAO SOLICITO A EXCLUSAO DOC ONTRATO ACIMA E REVISAO DO CONTRATO ACIMA E REVISAO DO CONTRATO
318478,10,Exclusão exclusão exclusão exclusão exclusão exclusão exclusão exclusão
318485,10,SOLICITO A EXCLUSAO DO CONTRATO ACIMA E EXCLUSAO DO CONTRATO E EXCLUSAO SOLICITO A EXCLUSAO DOC ONTRATO ACIMA E REVISAO DO CONTRATO ACIMA E REVISAO DO CONTRATO
318487,11,SOLICITO A EXCLUSAO DO CONTRATO ACIMA E EXCLUSAO DO CONTRATO E EXCLUSAO SOLICITO A EXCLUSAO DOC ONTRATO ACIMA E REVISAO DO CONTRATO ACIMA E REVISAO DO CONTRATO
318488,10,Exclusão exclusão exclusão exclusão exclusão exclusão exclusão exclusão exclusão
318489,10,SOLICITO A EXCLUSAO DO CONTRATO ACIMA E EXCLUSAO DO CONTRATO E EXCLUSAO SOLICITO A EXCLUSAO DOC ONTRATO ACIMA E REVISAO DO CONTRATO ACIMA E REVISAO DO CONTRATO
318491,12,SOLICITO A EXCLUSAO DO CONTRATO ACIMA E EXCLUSAO DO CONTRATO E EXCLUSAO SOLICITO A EXCLUSAO DOC ONTRATO ACIMA E REVISAO DO CONTRATO ACIMA E REVISAO DO CONTRATO
318515,10,Exclusão exclusão exclusão exclusão exclusão exclusão exclusão exclusão exclusão exclusão
318520,11,Exclusão exclusão exclusão exclusão exclusão exclusão exclusão exclusão exclusão exclusão
318524,10,Exclusão exclusão exclusão exclusão exclusão exclusão exclusão exclusão exclusão
318525,11,Exclusão exclusão exclusão exclusão exclusão exclusão exclusão exclusão exclusão
318526,12,Exclusão exclusão exclusão exclusão exclusão exclusão exclusão exclusão exclusão
318527,10,Exclusão exclusão exclusão exclusão exclusão exclusão exclusão exclusão exclusão
318528,11,Exclusão exclusão exclusão exclusão exclusão exclusão exclusão exclusão excluso
318530,10,Exclusão exclusão exclusão exclusão exclusão exclusão exclusão exclusão exclusão
318536,10,Exclusão exclusão exclusão exclusão exclusão exclusão exclusão exclusão exclusão
318537,11,Exclusão exclusão exclusão exclusão exclusão exclusão exclusão exclusão exclusão
318538,12,Exclusão exclusão exclusão exclusão exclusão exclusão e colusão exclusão exclusão
318549,10,Exclusão exclusão exclusão exclusão exclusão exclusão exclusão exclusão exclusão
318552,11,Exclusão exclusão exclusão exclusão exclusão exclusão exclusão exclusão exclusão
318560,10,Exclusão exclusão exclusão exclusão exclusão exclusão exclusão exclusão
318564,12,Exclusão exclusão exclusão exclusão exclusão exclusão exclusão exclusão
318566,10,Exclusão exclusão exclusão exclusão exclusão exclusão exclusão exclusão
318567,11,Exclusão exclusão exclusão exclusão exclusão exclusão exclusão exclusão exclusão exclusão
318570,12,Exclusão exclusão exclusão exclusão exclusão exclusão exclusão exclusão exclusão
318575,10,Exclusão exclusão exclusão exclusão exclusão exclusão exclusão exclusão exclusão
318605,12,Exclusão exclusão exclusão exclusão exclusão exclusão exclusão exclusão
318669,10,Exclusão exclusão exclusão exclusão exclusão exclusão exclusão exclusão exclusão exclusão
318671,11,Exclusão exclusão exclusão exclusão exclusão exclusão exclusão exclusão exclusão
318672,12,Exclusão exclusão exclusão exclusão exclusão exclusão exclusão
318773,12,Exclusão exclusão exclusão exclusão exclusão exclusão exclusão exclusão exclusão
318797,12,SOLICITO A EXCLUSAO DO CONTRATO ACIMA E EXCLUSAO DO CONTRATO E EXCLUSAO SOLICITO A EXCLUSAO DOC ONTRATO ACIMA E REVISAO DO CONTRATO ACIMA E REVISAO DO CONTRATO
318799,11,SOLICITO A EXCLUSAO DO CONTRATO ACIMA E EXCLUSAO DO CONTRATO E EXCLUSAO SOLICITO A EXCLUSAO DOC ONTRATO ACIMA E REVISAO DO CONTRATO ACIMA E REVISAO DO CONTRATO
318880,11,Exclusão exclusão exclusão exclusão exclusão exclusão exclusão exclusão
318883,10,Exclusão exclusão exclusão exclusão exclusão exclusão exclusão exclusão exclusão exclusão
318885,10,Exclusão exclusão exclusão exclusão exclusão exclusão exclusão exclusão
318887,11,Exclusão exclusão exclusão exclusão exclusão exclusão excluso exclusão exclusão exclusão exclusão
318958,10,Exclusão exclusão exclusão exclusão exclusão exclusão exclusão exclusão exclusão
318959,11,Exclusão exclusão exclusão exclusão exclusão exclusão exclusão exclusão exclusão
318961,12,Exclusão exclusão exclusão exclusão exclusão exclusão exclusão exclusão
318986,10,Exclusão exclusão exclusão exclusão exclusão exclusão exclusão exclusão exclusão
319100,11,Exclusão exclusão exclusão exclusão exclusão exclusão exclusão. Exclusão exclusão exclusão exclusão exclusão exclusão
319222,10,SOLICITO A EXCLUSAO DO CONTRATO ACIMA E EXCLUSAO DO CONTRATO E EXCLUSAO SOLICITO A EXCLUSAO DOC ONTRATO ACIMA E REVISAO DO CONTRATO ACIMA E REVISAO DO CONTRATO
319223,12,SOLICITO A EXCLUSAO DO CONTRATO ACIMA E EXCLUSAO DO CONTRATO E EXCLUSAO SOLICITO A EXCLUSAO DOC ONTRATO ACIMA E REVISAO DO CONTRATO ACIMA E REVISAO DO CONTRATO
319224,11,SOLICITO A EXCLUSAO DO CONTRATO ACIMA E EXCLUSAO DO CONTRATO E EXCLUSAO SOLICITO A EXCLUSAO DOC ONTRATO ACIMA E REVISAO DO CONTRATO ACIMA E REVISAO DO CONTRATO
319225,12,SOLICITO A EXCLUSAO DO CONTRATO ACIMA E EXCLUSAO DO CONTRATO E EXCLUSAO SOLICITO A EXCLUSAO DOC ONTRATO ACIMA E REVISAO DO CONTRATO ACIMA E REVISAO DO CONTRATO
319359,12,exclusão exclusão exclusão exclusão exclusão exclusão exclusão
319361,12,Exclusão exclusão exclusão exclusão exclusão exclusão exclusão exclusão exclusão
319395,11,SOLICITO A EXCLUSAO DO CONTRATO ACIMA E EXCLUSAO DO CONTRATO E EXCLUSAO SOLICITO A EXCLUSAO DOC ONTRATO ACIMA E REVISAO DO CONTRATO ACIMA E REVISAO DO CONTRATO
319397,11,SOLICITO A EXCLUSAO DO CONTRATO ACIMA E EXCLUSAO DO CONTRATO E EXCLUSAO SOLICITO A EXCLUSAO DOC ONTRATO ACIMA E REVISAO DO CONTRATO ACIMA E REVISAO DO CONTRATO
319415,11,SOLICITO A EXCLUSAO DO CONTRATO ACIMA E EXCLUSAO DO CONTRATO E EXCLUSAO SOLICITO A EXCLUSAO DOC ONTRATO ACIMA E REVISAO DO CONTRATO ACIMA E REVISAO DO CONTRATO
319417,11,SOLICITO A EXCLUSAO DO CONTRATO ACIMA E EXCLUSAO DO CONTRATO E EXCLUSAO SOLICITO A EXCLUSAO DOC ONTRATO ACIMA E REVISAO DO CONTRATO ACIMA E REVISAO DO CONTRATO
319418,11,SOLICITO A EXCLUSAO DO CONTRATO ACIMA E EXCLUSAO DO CONTRATO E EXCLUSAO SOLICITO A EXCLUSAO DOC ONTRATO ACIMA E REVISAO DO CONTRATO ACIMA E REVISAO DO CONTRATO
319427,10,SOLICITO A EXCLUSAO DO CONTRATO ACIMA E EXCLUSAO DO CONTRATO E EXCLUSAO SOLICITO A EXCLUSAO DOC ONTRATO ACIMA E REVISAO DO CONTRATO ACIMA E REVISAO DO CONTRATO
319428,11,SOLICITO A EXCLUSAO DO CONTRATO ACIMA E EXCLUSAO DO CONTRATO E EXCLUSAO SOLICITO A EXCLUSAO DOC ONTRATO ACIMA E REVISAO DO CONTRATO ACIMA E REVISAO DO CONTRATO
319430,11,SOLICITO A EXCLUSAO DO CONTRATO ACIMA E EXCLUSAO DO CONTRATO E EXCLUSAO SOLICITO A EXCLUSAO DOC ONTRATO ACIMA E REVISAO DO CONTRATO ACIMA E REVISAO DO CONTRATO
319518,"11,12",Exclusão exclusão exclusão exclusão exclusão exclusão exclusão exclusão exclusa exclusao
319613,10,Exclusão exclusão exclusão exclusão exclusão exclusão exclusão exclusão
319631,10,Exclusão exclusão exclusão exclusão exclusão exclusão exclusão exclusão
319658,11,SOLICITO A EXCLUSAO DO CONTRATO ACIMA E EXCLUSAO DO CONTRATO E EXCLUSAO SOLICITO A EXCLUSAO DOC ONTRATO ACIMA E REVISAO DO CONTRATO ACIMA E REVISAO DO CONTRATO
319659,11,SOLICITO A EXCLUSAO DO CONTRATO ACIMA E EXCLUSAO DO CONTRATO E EXCLUSAO SOLICITO A EXCLUSAO DOC ONTRATO ACIMA E REVISAO DO CONTRATO ACIMA E REVISAO DO CONTRATO
319677,10,Exclusão exclusão exclusão exclusão exclusão exclusão exclusão exclusão
319685,11,SOLICITO A EXCLUSAO DO CONTRATO ACIMA E EXCLUSAO DO CONTRATO E EXCLUSAO SOLICITO A EXCLUSAO DOC ONTRATO ACIMA E REVISAO DO CONTRATO ACIMA E REVISAO DO CONTRATO
319694,11,SOLICITO A EXCLUSAO DO CONTRATO ACIMA E EXCLUSAO DO CONTRATO E EXCLUSAO SOLICITO A EXCLUSAO DOC ONTRATO ACIMA E REVISAO DO CONTRATO ACIMA E REVISAO DO CONTRATO
319747,11,SOLICITO A EXCLUSAO DO CONTRATO ACIMA E EXCLUSAO DO CONTRATO E EXCLUSAO SOLICITO A EXCLUSAO DOC ONTRATO ACIMA E REVISAO DO CONTRATO ACIMA E REVISAO DO CONTRATO
319748,10,SOLICITO A EXCLUSAO DO CONTRATO ACIMA E EXCLUSAO DO CONTRATO E EXCLUSAO SOLICITO A EXCLUSAO DOC ONTRATO ACIMA E REVISAO DO CONTRATO ACIMA E REVISAO DO CONTRATO
319768,12,Exclusão exclusão exclusão exclusão exclusão exclusão exclusão exclusão
319772,11,Exclusão exclusão exclusão exclusão exclusão exclusão exclusão exclusão exclusão
319777,12,Exclusão exclusão exclusão exclusão exclusão exclusão exclusão exclusão exclusão
319782,12,Exclusão exclusão exclusão exclusão exclusão exclusão exclusão exclusão exclusão
319788,11,Exclusão exclusão exclusão exclusão exclusão exclusão exclusão exclusão exclusão exclusão
319866,10,Exclusão exclusão exclusão exclusão exclusão exclusão exclusão exclusão exclusão
320075,11,SOLICITO A EXCLUSAO DO CONTRATO ACIMA E EXCLUSAO DO CONTRATO E EXCLUSAO SOLICITO A EXCLUSAO DOC ONTRATO ACIMA E REVISAO DO CONTRATO ACIMA E REVISAO DO CONTRATO
320077,12,SOLICITO A EXCLUSAO DO CONTRATO ACIMA E EXCLUSAO DO CONTRATO E EXCLUSAO SOLICITO A EXCLUSAO DOC ONTRATO ACIMA E REVISAO DO CONTRATO ACIMA E REVISAO DO CONTRATO
320078,10,SOLICITO A EXCLUSAO DO CONTRATO ACIMA E EXCLUSAO DO CONTRATO E EXCLUSAO SOLICITO A EXCLUSAO DOC ONTRATO ACIMA E REVISAO DO CONTRATO ACIMA E REVISAO DO CONTRATO
320079,11,SOLICITO A EXCLUSAO DO CONTRATO ACIMA E EXCLUSAO DO CONTRATO E EXCLUSAO SOLICITO A EXCLUSAO DOC ONTRATO ACIMA E REVISAO DO CONTRATO ACIMA E REVISAO DO CONTRATO
320080,10,SOLICITO A EXCLUSAO DO CONTRATO ACIMA E EXCLUSAO DO CONTRATO E EXCLUSAO SOLICITO A EXCLUSAO DOC ONTRATO ACIMA E REVISAO DO CONTRATO ACIMA E REVISAO DO CONTRATO
320088,11,SOLICITO A EXCLUSAO DO CONTRATO ACIMA E EXCLUSAO DO CONTRATO E EXCLUSAO SOLICITO A EXCLUSAO DOC ONTRATO ACIMA E REVISAO DO CONTRATO ACIMA E REVISAO DO CONTRATO
320092,11,SOLICITO A EXCLUSAO DO CONTRATO ACIMA E EXCLUSAO DO CONTRATO E EXCLUSAO SOLICITO A EXCLUSAO DOC ONTRATO ACIMA E REVISAO DO CONTRATO ACIMA E REVISAO DO CONTRATO
320094,12,SOLICITO A EXCLUSAO DO CONTRATO ACIMA E EXCLUSAO DO CONTRATO E EXCLUSAO SOLICITO A EXCLUSAO DOC ONTRATO ACIMA E REVISAO DO CONTRATO ACIMA E REVISAO DO CONTRATO
320102,10,Exclusão exclusão exclusão exclusão exclusão exclusão exclusão exclusão exclusão
320113,11,SOLICITO A EXCLUSAO DO CONTRATO ACIMA E EXCLUSAO DO CONTRATO E EXCLUSAO SOLICITO A EXCLUSAO DOC ONTRATO ACIMA E REVISAO DO CONTRATO ACIMA E REVISAO DO CONTRATO
320114,10,Exclusão exclusão exclusão exclusão exclusão exclusão exclusão exclusão exclusão
320116,11,Exclusão exclusão exclusão exclusão exclusão exclusão exclusão exclusão exclusão
320121,12,Exclusão exclusão exclusão exclusão exclusão exclusão exclusão exclusão
320126,10,Exclusão exclusão exclusão exclusão exclusão exclusão exclusão exclusão
320129,11,SOLICITO A EXCLUSAO DO CONTRATO ACIMA E EXCLUSAO DO CONTRATO E EXCLUSAO SOLICITO A EXCLUSAO DO CONTRATO ACIMA E REVISAO DO CONTRATO ACIMA E REVISAO DO CONTRATO
320134,11,SOLICITO A EXCLUSAO DO CONTRATO ACIMA E EXCLUSAO DO CONTRATO E EXCLUSAO SOLICITO A EXCLUSAO DO CONTRATO ACIMA E REVISAO DO CONTRATO ACIMA E REVISAO DO CONTRATO
320161,11,SOLICITO A EXCLUSAO DO CONTRATO ACIMA E EXCLUSAO DO CONTRATO E EXCLUSAO SOLICITO A EXCLUSAO DO CONTRATO ACIMA E REVISAO DO CONTRATO ACIMA E REVISAO DO CONTRATO
320162,11,SOLICITO A EXCLUSAO DO CONTRATO ACIMA E EXCLUSAO DO CONTRATO E EXCLUSAO SOLICITO A EXCLUSAO DO CONTRATO ACIMA E REVISAO DO CONTRATO ACIMA E REVISAO DO CONTRATO
320163,11,SOLICITO A EXCLUSAO DO CONTRATO ACIMA E EXCLUSAO DO CONTRATO E EXCLUSAO SOLICITO A EXCLUSAO DO CONTRATO ACIMA E REVISAO DO CONTRATO ACIMA E REVISAO DO CONTRATO
320169,10,Exclusão exclusão exclusão exclusão exclusão exclusão exclusão exclusão
320173,11,SOLICITO A EXCLUSAO DO CONTRATO ACIMA E EXCLUSAO DO CONTRATO E EXCLUSAO SOLICITO A EXCLUSAO DO CONTRATO ACIMA E REVISAO DO CONTRATO ACIMA E REVISAO DO CONTRATO
320179,11,SOLICITO A EXCLUSAO DO CONTRATO ACIMA E EXCLUSAO DO CONTRATO E EXCLUSAO SOLICITO A EXCLUSAO DO CONTRATO ACIMA E REVISAO DO CONTRATO ACIMA E REVISAO DO CONTRATO
320183,10,Exclusão exclusão exclusão exclusão exclusão exclusão exclusão exclusão exclusão exclusão exclusão exclusão exclusão exclusão exclusão exclusão
320186,11,SOLICITO A EXCLUSAO DO CONTRATO ACIMA E EXCLUSAO DO CONTRATO E EXCLUSAO SOLICITO A EXCLUSAO DO CONTRATO ACIMA E REVISAO DO CONTRATO ACIMA E REVISAO DO CONTRATO
320281,11,SOLICITO A EXCLUSAO DO CONTRATO ACIMA E EXCLUSAO DO CONTRATO E EXCLUSAO SOLICITO A EXCLUSAO DO CONTRATO ACIMA E REVISAO DO CONTRATO ACIMA E REVISAO DO CONTRATO
320282,12,SOLICITO A EXCLUSAO DO CONTRATO ACIMA E EXCLUSAO DO CONTRATO E EXCLUSAO SOLICITO A EXCLUSAO DO CONTRATO ACIMA E REVISAO DO CONTRATO ACIMA E REVISAO DO CONTRATO
320285,11,SOLICITO A EXCLUSAO DO CONTRATO ACIMA E EXCLUSAO DO CONTRATO E EXCLUSAO SOLICITO A EXCLUSAO DO CONTRATO ACIMA E REVISAO DO CONTRATO ACIMA E REVISAO DO CONTRATO
320287,11,SOLICITO A EXCLUSAO DO CONTRATO ACIMA E EXCLUSAO DO CONTRATO E EXCLUSAO SOLICITO A EXCLUSAO DO CONTRATO ACIMA E REVISAO DO CONTRATO ACIMA E REVISAO DO CONTRATO
320296,11,SOLICITO A EXCLUSAO DO CONTRATO ACIMA E EXCLUSAO DO CONTRATO E EXCLUSAO SOLICITO A EXCLUSAO DO CONTRATO ACIMA E REVISAO DO CONTRATO ACIMA E REVISAO DO CONTRATO
320297,12,SOLICITO A EXCLUSAO DO CONTRATO ACIMA E EXCLUSAO DO CONTRATO E EXCLUSAO SOLICITO A EXCLUSAO DO CONTRATO ACIMA E REVISAO DO CONTRATO ACIMA E REVISAO DO CONTRATO
320415,11,SOLICITO A EXCLUSAO DO CONTRATO ACIMA E EXCLUSAO DO CONTRATO E EXCLUSAO SOLICITO A EXCLUSAO DO CONTRATO ACIMA E REVISAO DO CONTRATO ACIMA E REVISAO DO CONTRATO
320416,11,SOLICITO A EXCLUSAO DO CONTRATO ACIMA E EXCLUSAO DO CONTRATO E EXCLUSAO SOLICITO A EXCLUSAO DO CONTRATO ACIMA E REVISAO DO CONTRATO ACIMA E REVISAO DO CONTRATO
320423,11,SOLICITO A EXCLUSAO DO CONTRATO ACIMA E EXCLUSAO DO CONTRATO E EXCLUSAO SOLICITO A EXCLUSAO DO CONTRATO ACIMA E REVISAO DO CONTRATO ACIMA E REVISAO DO CONTRATO
320430,10,SOLICITO A EXCLUSAO DO CONTRATO ACIMA E EXCLUSAO DO CONTRATO E EXCLUSAO SOLICITO A EXCLUSAO DO CONTRATO ACIMA E REVISAO DO CONTRATO ACIMA E REVISAO DO CONTRATO
320433,12,SOLICITO A EXCLUSAO DO CONTRATO ACIMA E EXCLUSAO DO CONTRATO E EXCLUSAO SOLICITO A EXCLUSAO DO CONTRATO ACIMA E REVISAO DO CONTRATO ACIMA E REVISAO DO CONTRATO
320438,11,SOLICITO A EXCLUSAO DO CONTRATO ACIMA E EXCLUSAO DO CONTRATO E EXCLUSAO SOLICITO A EXCLUSAO DO CONTRATO ACIMA E REVISAO DO CONTRATO ACIMA E REVISAO DO CONTRATO
320439,11,SOLICITO A EXCLUSAO DO CONTRATO ACIMA E EXCLUSAO DO CONTRATO E EXCLUSAO SOLICITO A EXCLUSAO DO CONTRATO ACIMA E REVISAO DO CONTRATO ACIMA E REVISAO DO CONTRATO
320463,11,SOLICITO A EXCLUSAO DO CONTRATO ACIMA E EXCLUSAO DO CONTRATO E EXCLUSAO SOLICITO A EXCLUSAO DO CONTRATO ACIMA E REVISAO DO CONTRATO ACIMA E REVISAO DO CONTRATO
320469,11,SOLICITO A EXCLUSAO DO CONTRATO ACIMA E EXCLUSAO DO CONTRATO E EXCLUSAO SOLICITO A EXCLUSAO DO CONTRATO ACIMA E REVISAO DO CONTRATO ACIMA E REVISAO DO CONTRATO
320470,11,SOLICITO A EXCLUSAO DO CONTRATO ACIMA E EXCLUSAO DO CONTRATO E EXCLUSAO SOLICITO A EXCLUSAO DO CONTRATO ACIMA E REVISAO DO CONTRATO ACIMA E REVISAO DO CONTRATO
320480,11,SOLICITO A EXCLUSAO DO CONTRATO ACIMA E EXCLUSAO DO CONTRATO E EXCLUSAO SOLICITO A EXCLUSAO DO CONTRATO ACIMA E REVISAO DO CONTRATO ACIMA E REVISAO DO CONTRATO
320483,10,Exclusão exclusão exclusão exclusão exclusão exclusão exclusão exclusão
320499,10,Exclusão exclusão exclusão exclusão exclusão excluso exclusão exclusão exclusão
320514,11,Exclusão exclusão exclusão exclusão exclusão exclusão exclusão exclusão exclusão
320516,12,Exclusão exclusão exclusão exclusão exclusão exclusão exclusão exclusão
320518,10,Exclusão exclusão exclusão exclusão exclusão exclusão exclusão exclusão exclusão
320520,11,Exclusão exclusão exclusão exclusão exclusão exclusão exclusão exclusão exclusão
320555,11,SOLICITO A EXCLUSAO DO CONTRATO ACIMA E EXCLUSAO DO CONTRATO E EXCLUSAO SOLICITO A EXCLUSAO DO CONTRATO ACIMA E REVISAO DO CONTRATO ACIMA E REVISAO DO CONTRATO
320556,11,SOLICITO A EXCLUSAO DO CONTRATO ACIMA E EXCLUSAO DO CONTRATO E EXCLUSAO SOLICITO A EXCLUSAO DO CONTRATO ACIMA E REVISAO DO CONTRATO ACIMA E REVISAO DO CONTRATO
320557,11,SOLICITO A EXCLUSAO DO CONTRATO ACIMA E EXCLUSAO DO CONTRATO E EXCLUSAO SOLICITO A EXCLUSAO DO CONTRATO ACIMA E REVISAO DO CONTRATO ACIMA E REVISAO DO CONTRATO
320558,11,SOLICITO A EXCLUSAO DO CONTRATO ACIMA E EXCLUSAO DO CONTRATO E EXCLUSAO SOLICITO A EXCLUSAO DO CONTRATO ACIMA E REVISAO DO CONTRATO ACIMA E REVISAO DO CONTRATO
320559,11,SOLICITO A EXCLUSAO DO CONTRATO ACIMA E EXCLUSAO DO CONTRATO E EXCLUSAO SOLICITO A EXCLUSAO DO CONTRATO ACIMA E REVISAO DO CONTRATO ACIMA E REVISAO DO CONTRATO
320629,11,SOLICITO A EXCLUSAO DO CONTRATO ACIMA E EXCLUSAO DO CONTRATO E EXCLUSAO SOLICITO A EXCLUSAO DO CONTRATO ACIMA E REVISAO DO CONTRATO ACIMA E REVISAO DO CONTRATO
320644,10,SOLICITO A EXCLUSAO DO CONTRATO ACIMA E EXCLUSAO DO CONTRATO E EXCLUSAO SOLICITO A EXCLUSAO DOC ONTRATO ACIMA E REVISAO DO CONTRATO ACIMA E REVISAO DO CONTRATO
320666,10,Exclusão exclusão exclusão exclusão exclusão exclusão exclusão exclusão
320676,10,Exclusão exclusão exclusão exclusão excluso exclusão exclusão exclusão exclusão
320683,10,Exclusão exclusão exclusão exclusão exclusão exclusão exclusão exclusão exclusão
320691,11,SOLICITO A EXCLUSAO DO CONTRATO ACIMA E EXCLUSAO DO CONTRATO E EXCLUSAO SOLICITO A EXCLUSAO DO CONTRATO ACIMA E REVISAO DO CONTRATO ACIMA E REVISAO DO CONTRATO
320701,10,SOLICITO A EXCLUSAO DO CONTRATO ACIMA E EXCLUSAO DO CONTRATO E EXCLUSAO SOLICITO A EXCLUSAO DO CONTRATO ACIMA E REVISAO DO CONTRATO ACIMA E REVISAO DO CONTRATO
320703,11,SOLICITO A EXCLUSAO DO CONTRATO ACIMA E EXCLUSAO DO CONTRATO E EXCLUSAO SOLICITO A EXCLUSAO DO CONTRATO ACIMA E REVISAO DO CONTRATO ACIMA E REVISAO DO CONTRATO
320709,12,SOLICITO A EXCLUSAO DO CONTRATO ACIMA E EXCLUSAO DO CONTRATO E EXCLUSAO SOLICITO A EXCLUSAO DO CONTRATO ACIMA E REVISAO DO CONTRATO ACIMA E REVISAO DO CONTRATO
320711,10,Exclusão exclusão exclusão exclusão exclusão exclusão exclusão exclusão exclusão
320728,10,Exclusão exclusão exclusão exclusão exclusão exclusão exclusão exclusão exclusão
320770,11,SOLICITO A EXCLUSAO DO CONTRATO ACIMA E EXCLUSAO DO CONTRATO E EXCLUSAO SOLICITO A EXCLUSAO DO CONTRATO ACIMA E REVISAO DO CONTRATO ACIMA E REVISAO DO CONTRATO
320790,12,SOLICITO A EXCLUSAO DO CONTRATO ACIMA E EXCLUSAO DO CONTRATO E EXCLUSAO SOLICITO A EXCLUSAO DO CONTRATO ACIMA E REVISAO DO CONTRATO ACIMA E REVISAO DO CONTRATO
320791,10,SOLICITO A EXCLUSAO DO CONTRATO ACIMA E EXCLUSAO DO CONTRATO E EXCLUSAO SOLICITO A EXCLUSAO DO CONTRATO ACIMA E REVISAO DO CONTRATO ACIMA E REVISAO DO CONTRATO
320793,12,SOLICITO A EXCLUSAO DO CONTRATO ACIMA E EXCLUSAO DO CONTRATO E EXCLUSAO SOLICITO A EXCLUSAO DO CONTRATO ACIMA E REVISAO DO CONTRATO ACIMA E REVISAO DO CONTRATO
320794,11,SOLICITO A EXCLUSAO DO CONTRATO ACIMA E EXCLUSAO DO CONTRATO E EXCLUSAO SOLICITO A EXCLUSAO DO CONTRATO ACIMA E REVISAO DO CONTRATO ACIMA E REVISAO DO CONTRATO
320828,11,SOLICITO A EXCLUSAO DO CONTRATO ACIMA A EXCLUSAO DO CONTRATO A EXCLUSAO DO CONTRATO ACIMA E REVISAO DO CONTRATO ACIMA REVISAO DO CONTRATO
320857,10,Exclusão exclusão exclusão exclusão exclusão exclusão exclusão exclusão exclusão
320900,10,Exclusão exclusão exclusão exclusão exclusão exclusão exclusão exclusão exclusão exclusão
320903,11,Exclusão exclusão exclusão exclusão exclusão exclusão exclusão exclusão exclusão exclusão
320906,11,Exclusão excisão exclusão exclusão exclusão exclusão exclusão exclusão
320948,10,SOLICITO A EXCLUSAO DO CONTRATO ACIMA E EXCLUSAO DO CONTRATO E EXCLUSAO SOLICITO A EXCLUSAO DO CONTRATO ACIMA E REVISAO DO CONTRATO ACIMA E REVISAO DO CONTRATO
320950,11,SOLICITO A EXCLUSAO DO CONTRATO ACIMA E EXCLUSAO DO CONTRATO E EXCLUSAO SOLICITO A EXCLUSAO DO CONTRATO ACIMA E REVISAO DO CONTRATO ACIMA E REVISAO DO CONTRATO
320961,12,SOLICITO A EXCLUSAO DO CONTRATO ACIMA E EXCLUSAO DO CONTRATO E EXCLUSAO SOLICITO A EXCLUSAO DO CONTRATO ACIMA E REVISAO DO CONTRATO ACIMA E REVISAO DO CONTRATO
320962,12,SOLICITO A EXCLUSAO DO CONTRATO ACIMA E EXCLUSAO DO CONTRATO E EXCLUSAO SOLICITO A EXCLUSAO DO CONTRATO ACIMA E REVISAO DO CONTRATO ACIMA E REVISAO DO CONTRATO
320964,10,SOLICITO A EXCLUSAO DO CONTRATO ACIMA E EXCLUSAO DO CONTRATO E EXCLUSAO SOLICITO A EXCLUSAO DO CONTRATO ACIMA E REVISAO DO CONTRATO ACIMA E REVISAO DO CONTRATO
320971,12,retirada retirada retirada retirada retirada retirada retirada retirada retirada retirada retirada retirada retirada retirada retirada retirada retirada retirada retirada retirada retirada retirada retirada retirada retirada
320972,10,retirada retirada retirada retirada retirada retirada retirada retirada retirada retirada retirada retirada retirada retirada retirada retirada retirada retirada retirada retirada retirada retirada retirada retirada retirada retirada retirada retirada retirada retirada retirada retirada retirada
320996,11,EXCLUSAO DO CONTRATO EXCLUSAO DO CONTRATO EXCLUSAO DO CONTRATO ACIMA EXCLUSAO DO CONTRATO E REVISAO EXCLUSAO E REVISAO DO CONTRATO
321017,12,EXCLUSAO DO CONTTRATO EXCLUSAO DO CONTRATO ACIMA EXCLUSAO DO CONTRATO ACIMA EXCLUSAO DO CONTRATO EXCLUSAO DO CONTRATO E REVISAO DO CONTRATO.
321103,12,Exclusão exclusão exclusão exclusão exclusão exclusão exclusão exclusão
321107,11,Exclusão exclusão exclusao exclusao exclusão exclusão exclusão exclusão
321109,11,Exclusão exclusão exclusão exclusão exclusão exclusão exclusão exclusão
321111,11,Exclusão exclusão exclusão exclusão exclusão exclusão exclusão exclusão exclusão
321113,10,Exclusão exclusão exclusão exclusão exclusão exclusão exclusão exclusão
321116,10,Exclusão exclusão exclusão exclusão exclusão exclusão exclusão exclusão exclusão
321124,12,Exclusão exclusão exclusão exclusão exclusão exclusão exclusão exclusão
321134,10,Exclusão exclusão exclusão exclusão exclusão exclusão exclusão exclusão exclusão
321140,12,Exclusão exclusão exclusão exclusão exclusão exclusão exclusão exclusão exclusão
321146,10,Exclusão exclusão exclusão exclusão exclusão exclusão exclusão exclusão exclusão exclusão
321256,11,Exclusão exclusão exclusão exclusão exclusão exclusão exclusão
321261,12,Exclusão exclusão exclusão exclusão exclusão exclusão exclusão exclusão
321269,10,injustiça prejudicação injustiça prejudicação injustiça prejudicação injustiça prejudicação injustiça prejudicaçãoinjustiça prejudicação injustiça prejudicação injustiça prejudicaçãoinjustiça prejudicação injustiça prejudicaçãoinjustiça prejudicação injustiça prejudicação injustiça prejudicação injustiça prejudicação
321270,12,injustiça prejudicação injustiça prejudicaçãoinjustiça prejudicaçãoinjustiça prejudicaçãoinjustiça prejudicaçãoinjustiça prejudicação injustiça prejudicação injustiça prejudicaçãoinjustiça prejudicaçãoinjustiça prejudicação injustiça prejudicaçãoinjustiça prejudicaçãoinjustiça prejudicaçãoinjustiça prejudicaçãoV
321272,11,injustiça prejudicação injustiça prejudicação injustiça prejudicação injustiça prejudicação injustiça prejudicação injustiça prejudicação injustiça prejudicação injustiça prejudicação injustiça prejudicação injustiça prejudicação injustiça prejudicaçãoinjustiça prejudicaçãoinjustiça prejudicaçãoinjustiça prejudicação injustiça prejudicação injustiça prejudicaçãoinjustiça prejudicação
321320,11,Exclusão exclusão exclusão exclusão exclusão exclusão exclusão exclusão
321373,10,Exclusão exclusão exclusão exclusão exclusão exclusão exclusão exclusão exclusão
321414,10,Exclusão exclusão exclusão exclusão exclusão exclusão exclusão exclusão
321423,10,Exclusão exclusão exclusão exclusão exclusão exclusão exclusão exclusão
321528,12,Exclusão exclusão exclusão exclusão exclusão exclusão exclusão exclusão
321533,10,Exclusão exclusão exclusão exclusão exclusão exclusão exclusão exclusão
321534,10,Exclusão exclusão exclusão exclusão exclusão exclusão exclusão exclusão exclusão
321536,10,Exclusão exclusão exclusão exclusão exclusão exclusão exclusão exclusão esxclusao
321560,11,Exclusão exclusão exclusão exclusão exclusão exclusão exclusão exclusão exclusão excluso
321568,12,solicito exclusao consignado nsolicito exclusao consignado  solicito exclusao consignado solicito exclusao consignado solicito exclusao consignado solicito exclusao consignado solicito exclusao consignado solicito exclusao consignado solicito exclusao consignado solicito exclusao consignado solicito exclusao consignado solicito exclusao consignado
321615,10,Exclusão exclusão exclusão exclusão exclusão exclusão exclusão exclusão
321618,11,Exclusão exclusão exclusão exclusão exclusão exclusão exclusão exclusão exclusão
321628,10,Não consigo quitar o empréstimo Não consigo quitar o empréstimo Não consigo quitar o empréstimo Não consigo quitar o empréstimo
321631,12,exclusao exclusao exclusao exclusao exclusao exclusao exclusao exclusao exclusao exclusao exclusao exclusao exclusao
321633,11,SOLICITO A EXCLUSAO DO CONTRATO ACIMA E EXCLUSAO DO CONTRATO E EXCLUSAO SOLICITO A EXCLUSAO DO CONTRATO ACIMA E REVISAO DO CONTRATO ACIMA E REVISAO DO CONTRATO
321635,11,SOLICITO A EXCLUSAO DO CONTRATO ACIMA E EXCLUSAO DO CONTRATO E EXCLUSAO SOLICITO A EXCLUSAO DO CONTRATO ACIMA E REVISAO DO CONTRATO ACIMA E REVISAO DO CONTRATO
321637,11,SOLICITO A EXCLUSAO DO CONTRATO ACIMA E EXCLUSAO DO CONTRATO E EXCLUSAO SOLICITO A EXCLUSAO DO CONTRATO ACIMA E REVISAO DO CONTRATO ACIMA E REVISAO DO CONTRATO
321638,12,exclusao exclusao exclusao exclusao exclusao exclusao exclusao exclusao exclusao exclusao exclusao exclusao exclusao
321661,12,Exclusão exclusão exclusão exclusão exclusão exclusão exclusão exclusão
321705,11,Não consigo quitar o empréstimo. Quero vender a dívida. Não consigo quitar o empréstimo. Quero vender a dívida. Não consigo quitar o empréstimo. Quero vender a dívida.
321707,12,Não consigo quitar o empréstimo. Quero vender a divida. Não consigo quitar o empréstimo. Quero vender a divida. Não consigo quitar o empréstimo. Quero vender a divida.
321708,10,Não consigo quitar o empréstimo. Quero vender a divida. Não consigo quitar o empréstimo. Quero vender a divida. Não consigo quitar o empréstimo. Quero vender a divida.
321709,11,Não consigo quitar o empréstimo. Quero vender a divida. Não consigo quitar o empréstimo. Quero vender a divida. Não consigo quitar o empréstimo. Quero vender a divida.
321711,12,Não consigo quitar o empréstimo. Quero vender a divida. Não consigo quitar o empréstimo. Quero vender a divida. Não consigo quitar o empréstimo. Quero vender a divida.
321737,12,exclusao exclusao exclusao exclusao exclusao exclusao exclusao exclusao exclusao exclusao exclusao exclusao
321753,11,Exclusão exclusão exclusão exclusão exclusão exclusão exclusão exclusão exclusão excluso
321754,12,Exclusão exclusão exclusão exclusão exclusão exclusão exclusão exclusão
321799,11,SOLICITO A EXCLUSAO DO CONTRATO ACIMA E EXCLUSAO DO CONTRATO E EXCLUSAO SOLICITO A EXCLUSAO DO CONTRATO ACIMA E REVISAO DO CONTRATO ACIMA E REVISAO DO CONTRATO
321801,10,Exclusão exclusão exclusão exclusão exclusão exclusão exclusão exclusão exclusão
321802,11,SOLICITO A EXCLUSAO DO CONTRATO ACIMA E EXCLUSAO DO CONTRATO E EXCLUSAO SOLICITO A EXCLUSAO DO CONTRATO ACIMA E REVISAO DO CONTRATO ACIMA E REVISAO DO CONTRATO
321804,10,Exclusão exclusão exclusão exclusão excluso exclusão exclusão exclusão
321814,10,Exclusão exclusão exclusão exclusão exclusão exclusão exclusão exclusão exclusão
321815,10,Exclusão exclusão exclusão exclusão exclusão exclusão exclusão exclusão
321817,11,Exclusão exclusão exclusão exclusão exclusão exclusão exclusão exclusão
321819,12,Exclusão exclusão exclusão exclusão exclusão exclusão exclusão exclusão exclusão
321845,11,Exclusão exclusão exclusão exclusão exclusão exclusão exclusão exclusão exclusão
321846,12,Exclusão exclusão exclusão exclusão exclusão exclusão exclusão exclusão
321848,10,Exclusão exclusão exclusão exclusão exclusão exclusão exclusão exclusão
321850,12,Exclusão exclusão exclusão exclusão exclusão exclusão exclusão exclusão
321853,10,Exclusão exclusão exclusão excluam exclusão exclusão exclusão exclusão exclusão
321856,11,Exclusão exclusão exclusão exclusão exclusão exclusão exclusão exclusão
321857,10,Exclusão exclusão exclusão exclusão exclusão exclusão exclusão
321859,12,Exclusão exclusão exclusão exclusão exclusão exclusão exclusão
321860,10,Exclusão exclusão exclusão exclusão exclusão exclusão exclusão exclusão
321863,11,Exclusão exclusão exclusão exclusão exclusão exclusão exclusão exclusão
321885,10,Exclusão exclusão exclusão e exclusão exclusão exclusão exclusão exclusão exclusão
321886,10,Exclusão exclusão exclusão exclusão exclusão exclusão exclusão exclusão
321911,10,Exclusão exclusão exclusão exclusão exclusão exclusão exclusão
321912,10,Exclusão exclusão exclusão exclusão exclusão exclusão exclusão exclusão
321913,10,Exclusão exclusão exclusão exclusão exclusão exclusão exclusão exclusão
321998,12,eclusao eclusao eclusao eclusao eclusao eclusao eclusao eclusao eclusao eclusao eclusao eclusao
322000,10,Exclusão exclusão exclusão exclusão exclusão exclusão exclusão exclusão
322035,11,Exclusão exclusão exclusão exclusão exclusão exclusão exclusão
322046,10,Exclusão exclusão exclusão exclusão exclusão exclusão exclusão exclusão
322048,10,Exclusão exclusão exclusão exclusão exclusão exclusão exclusão exclusão
322049,11,Exclusão exclusão exclusão exclusão exclusão exclusão exclusão
322056,11,Exclusão exclusão exclusão exclusão exclusão exclusão exclusão
322059,10,Exclusão exclusão exclusão exclusão exclusão exclusão exclusão
322063,10,Exclusão exclusão exclusão exclusão exclusão exclusão exclusão exclusão exclusão
322066,10,Exclusão exclusão exclusão exclusão exclusão exclusão exclusão exclusão
322068,10,Exclusão exclusão exclusão exclusão exclusão exclusão exclusão exclusão exclusão exclusão
322069,10,Exclusão exclusão exclusão exclusão exclusão exclusão exclusão exclusão exclusão
322218,10,Não consigo mais pagar o empréstimo pois os juros são muito altos. Não consigo mais pagar o empréstimo pois os juros são muito altos. Não consigo mais pagar o empréstimo pois os juros são muito altos.
322234,10,Não consigo mais pagar o empréstimo pois os juros são muito altos. Não consigo mais pagar o empréstimo pois os juros são muito altos. Não consigo mais pagar o empréstimo pois os juros são muito altos.
322239,11,Não consigo mais pagar o empréstimo pois os juros são muito altos. Não consigo mais pagar o empréstimo pois os juros são muito altos. Não consigo mais pagar o empréstimo pois os juros são muito altos.
322274,11,Exclusão exclusão exclusão exclusão exclusão exclusão exclusão exclusão exclusão
322394,11,Exclusão exclusão exclusão exclusão exclusão exclusão exclusão
322395,11,Exclusão exclusão exclusão exclusão exclusão exclusão exclusão exclusão exclusão
322413,11,SOLICITO A EXCLUSAO DO CONTRATO ACIMA E EXCLUSAO DO CONTRATO E EXCLUSAO SOLICITO A EXCLUSAO DO CONTRATO ACIMA E REVISAO DO CONTRATO ACIMA E REVISAO DO CONTRATO
322429,12,SOLICITO A EXCLUSAO DO CONTRATO ACIMA E EXCLUSAO DO CONTRATO E EXCLUSAO SOLICITO A EXCLUSAO DO CONTRATO ACIMA E REVISAO DO CONTRATO ACIMA E REVISAO DO CONTRATO
322430,12,exclusao eclusao exclusao eclusao exclusao eclusao exclusao eclusao exclusao eclusao exclusao eclusao exclusao eclusao
322431,12,exclusao eclusao exclusao eclusao exclusao eclusao exclusao eclusao exclusao eclusao exclusao eclusao exclusao eclusao
322432,"10,12",exclusao eclusao exclusao eclusao exclusao eclusao exclusao eclusao exclusao eclusao exclusao eclusao exclusao eclusao
322434,12,exclusao eclusao exclusao eclusao exclusao eclusao exclusao eclusao exclusao eclusao exclusao eclusao exclusao eclusao
322439,10,SOLICITO A EXCLUSAO DO CONTRATO ACIMA E EXCLUSAO DO CONTRATO E EXCLUSAO SOLICITO A EXCLUSAO DO CONTRATO ACIMA E REVISAO DO CONTRATO ACIMA E REVISAO DO CONTRATO
322440,11,SOLICITO A EXCLUSAO DO CONTRATO ACIMA E EXCLUSAO DO CONTRATO E EXCLUSAO SOLICITO A EXCLUSAO DO CONTRATO ACIMA E REVISAO DO CONTRATO ACIMA E REVISAO DO CONTRATO
322441,12,exclusao eclusao exclusao eclusao exclusao eclusao exclusao eclusao exclusao eclusao exclusao eclusao exclusao eclusao exclusao eclusao exclusao eclusao exclusao eclusao exclusao eclusao exclusao eclusao exclusao eclusao exclusao eclusao exclusao eclusao exclusao eclusao exclusao eclusao
322443,12,exclusao exclusao exclusao exclusao exclusao exclusao exclusao exclusao exclusao exclusao exclusao exclusao exclusao exclusao exclusao exclusao exclusao exclusao exclusao exclusao exclusao exclusao
322510,10,Exclusão exclusão exclusão exclusão exclusão exclusão exclusão
322514,10,notifico e solicito retirada de folha notifico e solicito retirada de folha notifico e solicito retirada de folha notifico e solicito retirada de folha notifico e solicito retirada de folha notifico e solicito retirada de folha notifico e solicito retirada de folha notifico e solicito retirada de folha notifico e solicito retirada de folha notifico e solicito retirada de folha notifico e solicito retirada de folha notifico e solicito retirada de folha notifico e solicito retirada de folha notifico e solicito retirada de folha notifico e solicito retirada de folha notifico e solicito retirada de folha notifico e solicito retirada de folha notifico e solicito retirada de folha notifico e solicito retirada de folha notifico e solicito retirada de folha notifico e solicito retirada de folha notifico e solicito retirada de folha notifico e solicito retirada de folha notifico e solicito retirada de folha notifico e solicito retirada de folha
322519,11,Exclusão excluso exclusão exclusão exclusão exclusão exclusão
